s1,s2,label,de_pred,gpt_pred
時計がついている場所にパブリックマーケットセンターとかかれた看板が設置されています。,屋根の上に看板があり時計もついています。,1,1,0
キリンが、木の中から首を出しています。,キリンが木々のあいだから顔を出しています。,0,0,1
空港に、１機の飛行機が停まっています。,双翼プロペラの飛行機が駐機しています。,1,1,0
双翼プロペラの飛行機が駐機しています。,空港に、１機の飛行機が停まっています。,1,1,0
赤い消火栓のそばに幼児を抱えた女性がいる。,赤ちゃんと母親が消火栓を見ています。,1,1,0
赤ちゃんと母親が消火栓を見ています。,赤い消火栓のそばに幼児を抱えた女性がいる。,1,1,0
バイクに乗って通行している人がいます。,バイクに乗っている男性が一人います。,1,1,0
オートバイの人が、建物の見えるところを走っています。,バイクに乗って通行している人がいます。,0,0,1
バスルームに絵画が飾られています。,大きなタイル敷きのバスルームで、白い大きな浴槽の様子。,1,1,0
窓の向こうの部屋に時計が架かっています。,窓越しに壁にかけられた時計が見えます。,1,1,0
ソファーに座っている女の子の前で、犬が座っています。,ソファーに立っている。,2,2,1
ソファーに立っている。,ソファーに座っている女の子の前で、犬が座っています。,2,2,1
デスク上にはタブレットのみが置かれています。,デスクにノートパソコンなどが置かれている。,2,2,1
夜のスキー場には、沢山のライトがついていて、斜面をスキーで滑っている人がいます。,夜のゲレンデは、オレンジのライトでライトアップされています。,1,1,0
夜のゲレンデは、オレンジのライトでライトアップされています。,夜のスキー場には、沢山のライトがついていて、斜面をスキーで滑っている人がいます。,1,1,0
乗用車のボディーを、大小のぬいぐるみで飾ってあります。,ぬいぐるみで飾った車両は止まっています。,1,1,0
町並みを太陽が明るく照らしています。,建物に囲まれた場所に横断歩道があり、太陽の光が街にさしています。,1,1,0
女性が大きなピザを切ろうとしています。,女性がナイフとフォークを使い皿にのったピザを切っています。,1,1,0
猫がパソコンのマウスを捕獲しようとしている。,黒猫がパソコンのマウスを使って遊んでいます。,1,1,0
黒いTシャツを着た男性がテニスラケットを持って立っています。,黒いTシャツを着た男性がバットを持って立っています。,2,2,1
黒いTシャツを着た男性がバットを持って立っています。,黒いTシャツを着た男性がテニスラケットを持って立っています。,2,2,1
バットを肩の後ろに構えたバッターがいます。,グローブを肩の後ろに構えたキャッチャーがいます。,2,2,1
グローブを肩の後ろに構えたキャッチャーがいます。,バットを肩の後ろに構えたバッターがいます。,2,2,1
バットを振り下ろしたバッターがいます。,バットを肩の後ろに構えたバッターがいます。,2,2,1
大空を１機の飛行機が飛行しています。,ジェットコースターのレールの上空をジョット機が飛んでいます。,1,1,0
駅のホームに止まった列車の横に人が立っています。,列車の入っているホームに荷物を持った男性が立っています。,1,1,2
トイレの便座の左右に手すりが設置されています。,窓に柵のつけられたトイレの様子です。,1,1,0
２頭のクマが隣り合って座っています。,岩の上で二頭の熊が寄り添って伏せています。,1,1,0
黄色と赤の電車がホームに停車しているところです。,カラフルな電車が駅のホームに止まっています。,0,0,1
茶色の大きな建物の上部には、時計が１つあります。,たくさんの窓を持った時計付きの中世風の建物です。,1,1,0
雪山に三人の人がスキー姿で立っています。,スキー場の斜面に３人のスキーヤーがいます。,1,1,0
白いトイレにある洗面台のライトがついている。,全体が白で統一されているトイレに電気が点いています。,1,1,0
スキー板を持った人が雪の上に立っています。,雪原に4番のゼッケンを着けた青いウエアの人物が、スキーを外して自分の横に立てて持ってストックをもう片方の手に持って立っています。,1,1,0
雪原に4番のゼッケンを着けた青いウエアの人物が、スキーを外して自分の横に立てて持ってストックをもう片方の手に持って立っています。,スキー板を持った人が雪の上に立っています。,0,0,1
厨房でコンベアに乗ったドーナツが調理されています。,工場でコンベアに乗ったドーナツが箱詰めされています。,2,2,1
工場でコンベアに乗ったドーナツが箱詰めされています。,厨房でコンベアに乗ったドーナツが調理されています。,2,2,1
草むらの上に複数の羊が身を寄せ合っています。,草原に、羊が8頭放牧されています。,1,1,0
草原に、羊が8頭放牧されています。,草むらの上に複数の羊が身を寄せ合っています。,1,1,0
有刺鉄線の隙間から牛が鼻を出しています。,有刺鉄線の柵の内側に二頭のウシがいます。,1,1,0
有刺鉄線の柵の内側に二頭のウシがいます。,有刺鉄線の隙間から牛が鼻を出しています。,1,1,0
家の前の芝生の上に犬が座っています。,家の前の草むらに口を開けた犬が座っています。,1,1,2
白い建物が山の上にたてられています。,茶色い建物が道路わきにたてられています。,2,2,1
広場のゾウの像に女の子が乗っています。,広場のゾウの像に雪が積もっています。,2,2,1
広場のゾウの像に雪が積もっています。,広場のゾウの像に女の子が乗っています。,2,2,1
帽子をかぶった男性がぬいぐるみを抱えています。,男性が熊のぬいぐるみを抱きかかえています。,1,1,0
ソファーに座った3人の人と、車いすの男性がいます。,黒いソファに座った人と車いすに座った男性がリビングにいます。,1,1,0
白い木枠の窓の向こう側に、クロネコが座っています。,一匹の座ったネコが窓から見えます。,1,1,0
一匹の座ったネコが窓から見えます。,白い木枠の窓の向こう側に、クロネコが座っています。,1,1,2
様々なたくさんの船が港に停泊しています。,様々なたくさんの船が航行している。,2,2,1
様々なたくさんの船が航行している。,様々なたくさんの船が港に停泊しています。,2,2,1
ボートハウスにたくさんのボートが停泊しています。,船がたくさん停泊してある港町です。,1,1,0
河の向こうの陸地の上に建物が見えます。,手前には水面があり、奥の高台には時計台のある建物が見えます。,1,1,0
女性の横で小さな女の子がねむっています。,ベッドで女性と子供が寝ているところです。,1,1,0
ステーキやブロッコリーが皿に乗っています。,白い皿の上にステーキと野菜が盛られています。,1,1,0
道路の下に、バスが二台あります。,高架下に白い車体のバスが止まっています。,1,1,0
男の子が砂浜で凧あげをしています。,海辺で、男の子が凧をあげています。,0,0,1
山道を散策する人々の中で乗馬をしている人もいます。,森の中の未舗装路で馬に乗っている人がいます。,1,1,2
鏡にフラッシュをたいて写真を撮っている人が映っています。,洗面台に容器に入れた物が置いてあります。,1,1,0
壁紙の白い部屋の中にさまざまな家具が置かれています。,オレンジのベッドカバーのついたベッドと、机と青い椅子があります。,1,1,2
男の子の前に３枚のトーストが置いてあります。,女の子の前に３枚のトーストが置いてあります。,2,2,1
女の子の前に１０枚トーストが置いてあります。,女の子の前に３枚のトーストが置いてあります。,2,2,0
雪景色の中で大人2人と子供3人がスノーボードをしています。,雪上にスノーボードを履いている人たちがいます。,0,0,1
波の上で、サーフィンをしている人がいます。,海でサーフィンをしている人が３人います。,1,1,0
上半身裸の男性がサーフボードを乗せたバイクに乗っています。,上半身が裸でウェットスーツを下半身にだけ着ている人が、黒いスクーターにまたがっており、青いサーフボードがスクーターの横に積んであります。,1,1,2
皿の上にロールケーキやフォークなどが置かれていない。,皿の上にロールケーキやフォークなどが置かれています。,2,2,1
海でサーファーが波に乗っています。,海でサーファーがおぼれています。,2,2,1
海でサーファーがおぼれています。,海でサーファーが波に乗っています。,2,2,1
海でサーファーが波を待っています。,海でサーファーが波に乗っています。,2,2,1
白いテーブルの側に子供用の椅子があります。,台のついたベビーチェアに猫が乗っています。,1,1,0
草原で生えている木の側に象が集まっています。,草原でたくさんの象が歩いています。,1,1,0
男の子が、右バッターボックスでバットを振っています。,野球の試合で、少年がバッターボックスでバットを振っています。,1,1,0
野球の試合で、少年がバッターボックスでバットを振っています。,男の子が、右バッターボックスでバットを振っています。,1,1,0
金髪の女性が、ベンチで寝そべって本を読んでいます。,ベンチの上に女の人が横になって本を読んでいます。,0,0,1
ベンチの上に女の人が横になって本を読んでいます。,金髪の女性が、ベンチで寝そべって本を読んでいます。,1,1,0
プールサイドに黄色いビーチチェアがいくつか並んでいます。,プールサイドに七色のビーチチェアがいくつか並んでいます。,2,2,1
プールサイドに黄色いビーチチェアがいくつか並んでいます。,池の周りに黄色いビーチチェアがいくつか並んでいます。,2,2,1
プールサイドに七色のビーチチェアがいくつか並んでいます。,プールサイドに黄色いビーチチェアがいくつか並んでいます。,2,2,1
池の周りに黄色いビーチチェアがいくつか並んでいます。,プールサイドに黄色いビーチチェアがいくつか並んでいます。,2,2,0
野球の試合で打者がバットを構えています。,野球の打者がバットを構えている横には捕手と審判が構えており、右端に次の打者が控えています。,1,1,2
街路樹の間の通路に通行止めの立て看板が設置されていません。,街路樹の間の通路に通行止めの立て看板が設置されています。,2,2,1
草地の上で象が１頭歩いています。,草原で象が歩いているところです。,0,0,1
銀色の車の後ろにはたくさんのトランクが置いてあります。,道路脇に、たくさんの旅行用かばんが置かれています。,1,1,0
スケートボードの上に、片足だけ載せています。,片足をスケートボードに乗せている。,0,0,1
海の側の建物の近くにプールがあります。,海の前にプールがあるホテルが建っている。,1,1,2
踏み切りの中を車が通行しているところです。,踏み切りの中を自転車が通行しているところです。,2,2,1
踏み切りの中を自転車が通行しているところです。,踏み切りの中を車が通行しているところです。,2,2,1
踏み切りの中をお年寄りが通行しているところです。,踏み切りの中を車が通行しているところです。,2,2,1
若者2人が通りでスケートボードをしています。,路上でスケートボードで滑っている人をスケートボードに乗ったカメラマンが撮っています。,1,1,2
店内に沢山のサーフボードが展示されています。,木製の高い天井まで床から２０メートルくらいあります。,1,1,2
路上にある赤い消火栓を使って消火活動をしています。,青い消火栓から消火活動をしている。,2,2,0
消火栓からの消火活動が終わった。,路上にある赤い消火栓を使って消火活動をしています。,2,2,1
石の上に置いてある2台の携帯電話。,石の上に置いてある1台の携帯電話。,2,2,1
石の上に置いてある1台の携帯電話。,石の上に置いてある2台の携帯電話。,2,2,1
椅子の上に置いてある2台の携帯電話。,石の上に置いてある2台の携帯電話。,2,2,1
雪山の道で、青いスケートボードを手に持って、男性が立っています。,全身黒のウェアを着た男性が青いスノーボードを持って雪の中に立っています。,1,1,2
ガラス製の容器にさした花が飾られています。,ガラス製の容器にさした花が荒らされています。,2,2,1
ガラス製の容器にさした花が荒らされています。,ガラス製の容器にさした花が飾られています。,2,2,1
女性が公園でフリスビーを楽しんでいる。,女の子たちがフリスビーの取り合いをしています。,1,1,0
横たわっている犬が銀色のティアラを身につけています。,イヌがティアラをかぶっています。,0,0,1
丸テーブルの上に携帯電話が４個あります。,机上に携帯電話が四つ置かれています。,0,0,1
スタジアムにいる野球選手達と大勢の観客達。,野球場の客席には沢山の人が座っており、グラウンドには６人の野球選手と１人の審判が立っています。,1,1,0
鉄板の上に、ピザが1枚焼かれています。,ピザが一枚乗っているトレイを傾けています。,1,1,0
建物の前に赤い消火栓が設置されています。,草地の消火栓の奥にレンガ造りの建物が見えます。,1,1,0
スケートボードでジャンプした男性がいます。,スケートボードで大きくジャンプしているスケートボーダー。,1,1,2
キリンが、木の下で舌を出しています。,キリンが、木の下でちんこを出しています。,2,2,1
キリンが、木の上で舌を出しています。,キリンが、木の下で舌を出しています。,2,2,1
キリンが、木の下でちんこを出しています。,キリンが、木の下で舌を出しています。,2,2,0
建物が立ち並ぶ場所にある案内板です。,支柱に白い標識が設置されています。,1,1,0
支柱に白い標識が設置されています。,WOODと書かれた白い看板が立っています。,1,1,0
スキー板をつけた人たちが雪道を移動しています。,スキー板がはずれている。,2,2,1
キリンが水を飲んでいます。,１匹のキリンが木の葉を食べています。,2,2,1
荷台に犬を乗せた自転車が走っています。,人が、自転車の荷台に白い犬を乗せて走っています。,1,1,0
建物の前の道には赤いバスが停車しています。,雪が積もった街の道路を赤いバスが運行しています。,1,1,0
公園の樹木のそばに二頭の羊がいます。,公園に二頭のやぎがいる。,2,2,1
公園に二頭のやぎがいる。,公園の樹木のそばに二頭の羊がいます。,2,2,0
建物の塀の上で男性がスケートボードをしています。,黒い服を着た男性がスケートボードに乗りながらレンガの塀の上でジャンプしています。,1,1,0
スキーヤーが三人雪面を滑っています。,夕暮れ、大木の下でスキーを楽しむ三人。,1,1,2
よく晴れた夕暮れの海岸で遊んでいる人がいます。,曇った夕暮れの海岸で遊んでいる人がいます。,2,2,1
よく晴れた明け方の海岸で遊んでいる人がいます。,よく晴れた夕暮れの海岸で遊んでいる人がいます。,2,2,1
キッチンに食器棚と冷蔵庫が設置されています。,家具や冷蔵庫が白で統一されたキッチンです。,1,1,0
街中の道路にトラックが連なってあります。,道路にトラックが列をつくっています。,0,0,1
台所の冷蔵庫やレンジの前の調理台の傍に人がいます。,台所の冷蔵庫の中に人がいます。,2,2,1
オレンジ色の服を着た人が、テニスラケットを持っています。,オレンジ色の服を着た人が、バトミントンラケットを持っています。,2,2,1
オレンジ色の服を着た人が、テニスラケットを持っています。,ブルーの服を着た人が、テニスラケットを持っています。,2,2,1
オレンジ色の服を着た人が、テニスラケットを持っています。,オレンジ色の服を着た人が、テニスラケットを捨てています。,2,2,1
ブルーの服を着た人が、テニスラケットを持っています。,オレンジ色の服を着た人が、テニスラケットを持っています。,2,2,1
オレンジ色の服を着た人が、テニスラケットを捨てています。,オレンジ色の服を着た人が、テニスラケットを持っています。,2,2,1
キッチンのドア脇に青い袋がかけてあります。,開いたドアの中に白いキッチンがあります。,1,1,0
時計の隣の部分から日陰になっています。,古い建物の壁に、時計が組み込まれています。,1,1,0
古い建物の壁に、時計が組み込まれています。,時計の隣の部分から日陰になっています。,1,1,2
テーブルの上にルームライトが置かれています。,大きな額縁の前にランプなどが置かれたテーブルがある。,1,1,0
ウェットスーツを着た人達が砂浜でサーフィンの練習をしています。,海辺で黒いウェアを着たサーファー達がボードの上に横たわっています。,1,1,0
車の左前を大きなバイクが走っています。,大型バイクが道を走っているところを車の中から見ています。,1,1,2
金網の中に大きなキリンとその足元に小さなキリンがいます。,金網の中には象がいました。,2,2,1
カラフルな模型飛行機が置いてあります。,草むらの中に模型飛行機が置かれています。,1,1,2
猫がソファーの上に寝転がっています。,猫が草むらの上に寝転がっています。,2,2,1
猫が家のゆかに寝転がっています。,猫がソファーの上に寝転がっています。,2,2,1
帽子をかぶったスーツ姿の男性がいます。,白い壁を背に帽子を被った男性が立っています。,1,1,0
男性がピザの切れを両手で口に運んでいます。,男性が目をつぶりピザを食べています。,1,1,0
キッチンカウンターのある部屋です。,白い壁とカウンターのある室内です。,1,1,0
青い傘を差した人が道を歩いています。,雨が降る中、青い傘をさした人が歩いています。,1,1,0
雪の斜面を、スキーを履いた人が滑っています。,雪の斜面をスノボーに履いた人が滑っています。,2,2,1
雪の斜面をスノボーに履いた人が滑っています。,雪の斜面を、スキーを履いた人が滑っています。,2,2,1
雪の斜面を、スキーを履いた人が登っています。,雪の斜面を、スキーを履いた人が滑っています。,2,2,1
大きな窓のある部屋にソファーやテーブル、ランプなどが置かれています。,大きな窓、テレビ、ソファー、スタンドライトがあるリビングルームです。,1,1,0
どこかのバーカウンターにて、とても長いネクタイをした男性がいます。,男性が、バーらしき所にいて、両手で背広を開いて、赤く長いネクタイを見せています。,1,1,0
子どもが両手を口元に近付けています。,黄緑色のキャミソールを着た女の子がパンを食べています。,1,1,2
箱の中にパンが並んでいます。,箱の中にドーナツが並んでいます。,2,2,1
女性が傘をさして白い塀の横を歩いている。,バッグを肩から下げた女性が傘をさしています。,1,1,0
雪の斜面に、黒いウエアを着た2人が立っています。,雪原の斜面に、スキーを履いた人が２人並び、下方を見ている。,1,1,0
雪原の斜面に、スキーを履いた人が２人並び、下方を見ている。,雪の斜面に、黒いウエアを着た2人が立っています。,1,1,0
雪の中に赤い消火栓が埋もれています。,雪が積もっている中に赤い消火栓があります。,0,0,1
空港の通路を多くの人が歩いています。,空港の通路にたくさんの人が歩いています。,0,0,1
草原で2人の人が気球のようなものを持って立っています。,パラシュートを広げている男性二人がいます。。,1,1,0
人々がゴムボートで海を走っています。,ゴムボートが波しぶきを上げながら走っています。,1,1,0
ゴムボートが波しぶきを上げながら走っています。,人々がゴムボートで海を走っています。,1,1,2
ベッドの近くにライトと窓があります。,ダブルベッドの上に棒状の抱き枕が置かれています。,1,1,0
海辺の砂浜を一羽の鳥が歩いています。,海辺を男女が歩いている。,2,2,1
海辺を男女が歩いている。,海辺の砂浜を一羽の鳥が歩いています。,2,2,1
海辺を鳥が走っている。,海辺の砂浜を一羽の鳥が歩いています。,2,2,1
箱の中に具がのったピザが入っている。,一枚のピザが入った箱のふたが開いています。,1,1,0
箱の中に具がのったピザが入っている。,箱の中に丸いピザが一枚入っています。,1,1,0
青空に凧のような物が浮かんでいる。,晴れた日の海辺で、凧が揚がっています。,1,1,0
バスやバイクなどが停まっている木立の中の広場に人々がいます。,青いバスの近くには、多数のバイクが停められています。,1,1,0
紫色の防寒具を着た子供がスノーボードをしています。,スノーボードをしている子供がいます。,0,0,1
芝生の上で、小さな男の子がサッカーボールを扱っています。,サッカーの練習をしている少年がいます。,1,1,0
サッカーの練習をしている少年がいます。,芝生の上で、小さな男の子がサッカーボールを扱っています。,1,1,0
石畳の道路の上で黒い服を着た男性が自転車に乗っています。,石畳の上を自転車に乗った男性がいます。,0,0,1
朝日を背後に、スキーを履いた男性が立っています。,雪の上にスキー板をはいた赤い服の男性が立っています。,1,1,0
白いオートバイが道に止まっています。,路肩には、白い立派なバイクが止められています。,1,1,0
路肩には、白い立派なバイクが止められています。,白いオートバイが道に止まっています。,0,0,1
芝生の上で２頭の馬がクロスして立っている。,二頭の茶色い馬が体を交差させています。,1,1,0
二頭のシマウマたちが佇んでいます。,２頭のシマウマが横に並んで立っています。,1,1,0
屋根に風見鶏がついている時計台があります。,時計台の屋根に風見鶏が付いています。,0,0,1
外で女の子がスノーボードでジャンプしています。,雪の林を背景にスノーボードで飛んでいる人物がいます。,1,1,0
黄色い服の女性を乗せた馬が歩いています。,黄色のシャツを着た女性騎手が、馬に乗っています。,1,1,0
母と子がソファに並んで座っています。,椅子に座っている女性と子供がいます。,0,0,1
スノーボードをしている人が、ジャンプしています。,ゲレンデでスノーボーダーがジャンプしています。,1,1,0
ゲレンデでスノーボーダーがジャンプしています。,スノーボードをしている人が、ジャンプしています。,0,0,1
建物の前にスケートボードに乗った人がいます。,黒い服を着た女性が路上でスケートボードに乗って立っています。,1,1,0
雪の斜面にスノーボーダーが立っています。,雪の上にスノーボードをはいてたっているひとがいます。,0,0,1
スケボーで、大きくジャンプをしています。,男性が、スケートボードでジャンプしています。,1,1,0
草が不規則に茂っている所に一頭のシマウマが倒れていて、横に２頭の肉食の動物がいます。,シマウマが倒れている横に、二匹の動物がいます。,0,0,1
シマウマが倒れている横に、二匹の動物がいます。,草が不規則に茂っている所に一頭のシマウマが倒れていて、横に２頭の肉食の動物がいます。,1,1,0
つくえのうえにパソコンがおかれています。,文机の上にノートパソコンが置いてあります。,1,1,0
茶色い毛の動物が床に置かれた黒いかばんの中に首を突っ込んでいます。,猫が黒い手提げカバンの中に頭を突っ込んでいます。,1,1,0
足に板を嵌め上からのロープに掴まり、波の上を飛んでいる人がいます。,足に板を嵌め上からのロープを切り離し、波の上に浮かんでいる人がいますに。,2,2,1
足に板を嵌め上からのロープに掴まり、波の上を飛んでいる人がいます。,裸足で上からのロープを掴み、海に潜ります。,2,2,1
足に板を嵌め上からのロープに掴まり、波の上を飛んでいる人がいます。,足で板を挟み上からのロープをもたず、波に乗ります。,2,2,1
足に板を嵌め上からのロープを切り離し、波の上に浮かんでいる人がいますに。,足に板を嵌め上からのロープに掴まり、波の上を飛んでいる人がいます。,2,2,1
裸足で上からのロープを掴み、海に潜ります。,足に板を嵌め上からのロープに掴まり、波の上を飛んでいる人がいます。,2,2,0
足で板を挟み上からのロープをもたず、波に乗ります。,足に板を嵌め上からのロープに掴まり、波の上を飛んでいる人がいます。,2,2,1
山の上にノートパソコンとカメラが置かれています。,山の中に、四角の機械と、筒状の黒い器具があります。,1,1,0
蒸気機関車が線路に停車しています。,白い煙を上げながら、蒸気機関車がホームにいます。,1,1,0
色々な種類のリンゴが並べてあり、奥の方にはブドウも並べてある。,秋が旬である林檎や桃、葡萄であふれる店先です。,1,1,0
室内で女性が座って傘に絵を描いています。,室内に青色の傘と赤色の傘と緑色の傘があり、女性が赤色の傘に花の絵を描いています。,1,1,0
海水浴場にたくさんのパラソルがあります。,海水浴場にたくさんのパラソルがあります。,0,0,1
崖下の雪面でスキーをしている人がいます。,雪の積もる岩場の傍をスキーで滑る人がいます。,1,1,0
スノーボーダーが空中にジャンプしています。,スノーボーダーが空中を飛んでいます。,0,0,1
水辺には１脚のベンチが置かれています。,雪の残る木立のそばにある水辺にベンチがあります。,1,1,0
雪の残る木立のそばにある水辺にベンチがあります。,水辺には１脚のベンチが置かれています。,1,1,0
ピッチャーがマウンドでボールを投げています。,マウンドからピッチャーがボールを投げました。,0,0,1
白い皿の上に料理と付け合せが盛り付けられています。,皿の上にステーキとブロッコリーが載っています。,1,1,0
トラックが停まる砂浜の前の海の上で人がジャンプしている。,波しぶきの中で、人が飛び上がっています。,1,1,0
青空の中アンティックなつくりの家が建っています。,オレンジの屋根の洋風な家があります。,1,1,0
３頭のシマウマが草原で立っています。,３頭のシマウマが草原で立っています。,0,0,1
部屋の入り口にシャワーがあり、右側の壁に洗面台があります。,部屋の隅にシャワーがあり、左側の壁に洗面台があります。,2,2,1
一頭の白いウマが馬車をひいています。,夜の街中にて、白い馬に引かれた馬車が走っています。,1,1,0
黒い馬が黄色い花の生えた草原で草を食べているところです。,黒色の一頭の馬が草原で草を食べている。,0,0,1
黒色の一頭の馬が草原で草を食べている。,黒い馬が黄色い花の生えた草原で草を食べているところです。,1,1,0
リンゴあめがなんこかテーブルに置いてあります。,台の上にりんご飴が四つおかれています。,1,1,0
部屋に赤いソファーやテレビなどが置かれている。,部屋にソファーとテーブルと小さめなテレビがあります。,1,1,2
歯ブラシやボトルが置かれた洗面台です。,歯ブラシやボトルが置かれた廊下です。,2,2,1
歯ブラシやボトルが置かれた玄関です。,歯ブラシやボトルが置かれた洗面台です。,2,2,1
歯ブラシやボトルが置かれた廊下です。,歯ブラシやボトルが置かれた洗面台です。,2,2,0
タンスなどの調度品の間で猫が寝ています。,タンスなどの調度品の間で猫が寝ています。,0,0,1
広場でバットを持っている人がいます。,広場でラケットを持って遊んでいる人がいます。,2,2,1
広場でラケットを持って遊んでいる人がいます。,広場でバットを持っている人がいます。,2,2,0
皿の上に、半分に切られたピザがあります。,たくさんのチーズとブロッコリーがのったピザです。,1,1,0
スケートボードに乗った人の足が見えます。,路上でスケートボードをしている人の足が見えています。,1,1,0
赤い車の前にバイクが停まっています。,路上に止まるバイクの右側に人が立ち、奥には赤い車があります。,1,1,0
路上に止まるバイクの右側に人が立ち、奥には赤い車があります。,赤い車の前にバイクが停まっています。,0,0,1
お皿の上にスイーツが盛りつけてあります。,四角い皿に盛られた菓子と、黄色いカップが二つあります。,1,1,0
女性が芝生の上で飛行機型の凧を持っている。,飛行機型の凧を持ってる女性がいます。,0,0,1
手の上で赤いリンゴを刃物で切っています。,りんごにペティナイフが刺さっています。,1,1,0
路肩に、赤い二階建てバスが停まっています。,赤い2階建てバスが道路に停まっています。,0,0,1
パソコンのキーボードの上に携帯電話があります。,パソコンのキーボードの上にスマートフォンなどが置かれています。,1,1,0
パソコンのキーボードの上にスマートフォンなどが置かれています。,パソコンのキーボードの上に携帯電話があります。,0,0,1
建物の前に猛禽類の彫像の時計台が設置されています。,鷹が羽を広げた彫刻がついた時計台があります。,1,1,0
子供が2人いて、ミキサーの横に、バナナとキュウイが置いてあります。,ミキサーが置かれたテーブルにスポイトを持った子供たちがいます。,1,1,2
川の中に体の白い鳥が一羽立っています。,川に黒い鳥がいる。,2,2,1
川に黒い鳥がいる。,川の中に体の白い鳥が一羽立っています。,2,2,1
白い鳥が3羽いる。,川の中に体の白い鳥が一羽立っています。,2,2,1
洗面台があるシャワールームです。,２つ並んだ洗面台の近くに、浴槽があります。,1,1,0
砂浜ではビキニ姿の女性が投じたフリスビーを男性がジャンプしてとろうとしています。,海岸でフリスビーをしている若者たちがいます。,1,1,0
装飾された2頭の馬が馬車を引いています。,青いバイキングの帽子を被った馬が車両を引いています。,1,1,2
数人のスキーヤーが雪の上を登っています。,数人のスキーヤーが雪の上をすべっている。,2,2,1
シマウマが芝の上でジャンプをしています。,大きなシマウマの後ろにいる小さなシマウマが両足でジャンプをしています。,1,1,0
白いキーボードの手前が、曲線の形になっています。,テーブルにキーボードが設置されています。,1,1,0
草原に3頭の牛が並んで歩いています。,三頭の動物が木陰を歩いていきます。,1,1,0
赤色の二階建てバスが停車しています。,茶色い壁の横に赤い２階建てバスが止まっています。,1,1,0
茶色い壁の横に赤い２階建てバスが止まっています。,赤色の二階建てバスが停車しています。,0,0,1
砂地の傍の水辺に一頭のキリンが立っています。,川岸にいるキリンが身を低くしています。,1,1,0
暖炉のある木造の室内に四つのソファが備えられています。,暖炉が有り、ソファーが4つ置いてあるリビングルームです。,1,1,0
雪の中を、スキーをしている人がいます。,クロスカントリースキーをしている人がいます。,1,1,0
車の中で男性の隣の女性が電話をしています。,正装の男女が車の後部座席に座り、女性は携帯電話で通話しています。,1,1,0
時計台がある建物が写った外国の風景です。,時計が嵌め込まれている建物が二棟見えます。,1,1,2
歩道で、フルーツを販売してる人達がいます。,歩道で、野菜を販売してる人達がいます。,2,2,1
歩道で、フルーツを販売するのを終了しました。,歩道で、フルーツを販売してる人達がいます。,2,2,1
へやの床の上に荷物がおかれています。,広い部屋に旅行鞄などの荷物が置かれています。,1,1,0
男性が板に乗ってジャンプを決めています。,スケートボードのボードだけを足元にして、手で抑えてジャンプしている男性です。,1,1,0
コンテナの載ってないトラックが止まっている。,青い屋根の建物の前にトレーラーが停まっていて、右端に黄色いクレーンの一部が見えています。,1,1,0
洋式トイレの壁に、人物の写真が額に入れて飾られています。,洋式のトイレに男性の写真が飾られている。,1,1,0
広い草原に茶色い馬と白い馬がいます。,どこかの山間の草原にて放し飼いにされた馬たちが餌を食べています。,1,1,0
飲食店の店員が親指を立てています。,料理の置かれたトレーを前にして右手の親指をあげている男性がいます。,1,1,2
ロードバイクとよばれる自転車です。,マウンテンバイクが建物の一角にとめられています。,1,1,2
男性がハンモックに座って傘を差しています。,男性がベンチに座って傘を差しています。,2,2,1
男性がハンモックに座って傘を差しています。,男性が傘を差して歩いています。,2,2,1
男性がベンチに座って傘を差しています。,男性がハンモックに座って傘を差しています。,2,2,1
男性が傘を差して歩いています。,男性がハンモックに座って傘を差しています。,2,2,1
男性が傘を差して立っています。,男性がハンモックに座って傘を差しています。,2,2,1
子供が黄色いサーフボードをもって橋で座っています。,子供が黄色いサーフボードを持って橋を渡っています。,2,2,0
黄色い壁の室内に、男性が一人います。,黄色い壁紙のリビングに一人の男性が立っています。,1,1,0
台の上に水色の逆三角形の半透明な物体が置かれています。,ガラスで作られた、きれいな青い入れ物です。,1,1,2
街路灯の向こうには芝生だけがある。,街路灯の向こうにライトアップされた建物が立っています。,2,2,0
ソファーには一匹の犬と一人の女性が座っています。,ソファーに、女性と犬が並んで座っています。,0,0,2
道路標識の下のほうにたくさんの傘があります。,道路標識の上のほうにたくさんの傘があります。,2,2,1
道路標識の上のほうにたくさんの傘があります。,道路標識の下のほうにたくさんの傘があります。,2,2,1
道路標識の下のほうに少しの傘があります。,道路標識の下のほうにたくさんの傘があります。,2,2,1
建物の前の草地に凧を持った女性が立っています。,オレンジ色の凧を持った女性が歩いてきます。,1,1,0
自宅の窓に向かって一羽の野鳥が部屋の様子を伺っています。,一羽の鳥が窓際から室内を見ている。,0,0,1
サングラスをした中年の女性が、ドーナツと飲み物を持っています。,サングラスをかけた女性がパンをほおばっています。,1,1,2
黒一色の冷蔵庫や流し台などのキッチンセットが並んでいます。,白一色の冷蔵庫や流し台などのキッチンセットが並んでいます。,2,2,1
色とりどりの冷蔵庫や流し台などのキッチンセットが並んでいます。,白一色の冷蔵庫や流し台などのキッチンセットが並んでいます。,2,2,0
ろうそくが二本刺さっているケーキを前に少女がいます。,ロウソクの立てられたケーキの横に子供がいます。,1,1,0
白い冷蔵庫と白いコンロが横に並んで置かれています。,二ドア式の冷蔵庫とヤカンの乗ったコンロがあります。,1,1,0
手前にはキリンが1頭、奥には4頭のシマウマが見えます。,草原の中をキリンとシマウマの群れが闊歩している。,1,1,0
草原の中をキリンとシマウマの群れが闊歩している。,手前にはキリンが1頭、奥には4頭のシマウマが見えます。,1,1,0
たくさんの人が凧を見上げています。,たくさんの人が凧を無視している。,2,2,1
たくさんの人が凧を無視している。,たくさんの人が凧を見上げています。,2,2,0
調理パンやッサンドイッチが売られています。,棚に焼きそばパンが置かれています。,1,1,2
テストをしています。,駅のホームに列車が三両停車しています。,2,2,1
お手洗いと浴槽の間にカーテンが付けられています。,バスルームに白いシャワーカーテンが取り付けられています。,1,1,0
トレーの上に、パンが何種類も並んでいます。,トレーの上に、パンがありません。,2,2,0
トレーの上に、パンが何種類も並んでいます。,トレーの上に、パンが一個あります。,2,2,1
トレーの上に、パンが何種類も並んでいます。,トレーの上に、パンの代わりにご飯があります。,2,2,1
トレーの上に、パンがありません。,トレーの上に、パンが何種類も並んでいます。,2,2,1
トレーの上に、パンの代わりにご飯があります。,トレーの上に、パンが何種類も並んでいます。,2,2,0
トレイの上に11個のカップケーキが並んでいます。,トレイの上にケーキが並べて置かれています。,0,0,1
草原で羊達が前かがみになっています。,牧草地で、放牧中の羊が草を食べています。,1,1,0
牧草地で、放牧中の羊が草を食べています。,草原で羊達が前かがみになっています。,1,1,0
野球のピッチャーがボールを投げようと構えています。,ピッチャーがボールを持って構えています。,0,0,1
フリスビーを手に持って構えています。,林の中でオレンジ色のフリスビーを投げようとしている人がいます。,1,1,0
面と向かい携帯で話している２人がいます。,男性と女性が携帯電話で話をしています。,1,1,0
男性と女性が携帯電話で話をしています。,面と向かい携帯で話している２人がいます。,1,1,0
男性がスノーボードでジャンプをしています。,青年がスノーボードで楽しんでいます。,0,0,1
青年がスノーボードで楽しんでいます。,男性がスノーボードでジャンプをしています。,1,1,2
お城が右手に見える道を車が走っている。,道路の脇には絵文字を使った交通標識のポールがあり、道路を通過する車がその前を通る直前です。,1,1,0
黄色の縁取りのしてある皿にはピザがのせてあります。,黄色いふちのお皿に、ホールピザがのっています。,1,1,0
長方形のテーブルがたくさん並んだ場所で飲み物が置かれたテーブルで小さいノートパソコンを操作する複数の人物がいます。,机に向かいあってパソコンを操作している人たちがいます。,1,1,0
机に太陽電池のパネルが取り付けられています。,椅子の背もたれに太陽電池のパネルが取り付けられています。,2,2,1
コンセントでバッテリーを充電している。,屋外に置かれた椅子の上で、太陽電池でバッテリーの充電をしています。,2,2,1
山のふもとの港に船がたくさん停まっています。,水辺にヨットや船が浮かんでいる風景です。,1,1,0
海でサーファーが波に乗っています。,空は白く、波が高いところで、サーフィンをしている人がいます。,1,1,0
空は白く、波が高いところで、サーフィンをしている人がいます。,海でサーファーが波に乗っています。,0,0,2
青い服の女の子が髪の毛をいじりながら飲み物を飲んでいます。,二人の女の子がピザを前にして並んで座っています。,1,1,2
プランターの縁に鳥が止まっています。,植物の生えたプランターに小鳥たちが来ています。,1,1,0
ベッドのうえにひとの形の絵がのせられています。,手前にあるベッドの上に人間をかたどった紙があります。,1,1,0
大きな川の上の鉄橋を、貨物列車が走っています。,水面の上には橋が架かっており、橋の上を黒い電車が通っています。,1,1,2
国旗を後ろにつけたバイクに男性がまたがっています。,国旗を後ろにつけたバイクに女性がまたがっています。,2,2,1
国旗を後ろにつけたバイクに男性がまたがっています。,何も飾っていないバイクに男性がまたがっています。,2,2,1
国旗を後ろにつけたバイクに男性がまたがっています。,国旗を後ろにつけた自転車に男性がまたがっています。,2,2,1
国旗を後ろにつけたバイクに女性がまたがっています。,国旗を後ろにつけたバイクに男性がまたがっています。,2,2,1
何も飾っていないバイクに男性がまたがっています。,国旗を後ろにつけたバイクに男性がまたがっています。,2,2,1
国旗を後ろにつけた自動車に男性が乗っています。,国旗を後ろにつけたバイクに男性がまたがっています。,2,2,1
テーブルの上にはピザがのった皿が二枚あります。,焼き上がったピザの上に、生の緑色の野菜とチーズやトマトがのせてあります。,1,1,2
ブロッコリーとピザが皿の上にのっています。,ポテトとピザが皿の上にのっています。,2,2,1
ブロッコリーとピザが皿の上にのっています。,コーラとピザが皿の上にのっています。,2,2,1
ポテトとピザが皿の上にのっています。,ブロッコリーとピザが皿の上にのっています。,2,2,1
港の広場に軍用機が展示されています。,青空の下、広場を背景に、丸いチーズショップの看板があります。,1,1,0
電子レンジ６台が棚の上においてあります。,ステンレス製の電子レンジが２段に３台ずつ並んでいます。,1,1,0
海の上で、サーファーが波に乗っています。,海の上でサーフィンをしている人がいます。,0,0,1
公園に停めた車の前に男女が立っています。,公園に自転車が停まっています。,2,2,1
公園に停めた車の前に男女が立っています。,車の前で男女が座っています。,2,2,1
公園に自転車が停まっています。,公園に停めた車の前に男女が立っています。,2,2,1
車の前で男女が座っています。,公園に停めた車の前に男女が立っています。,2,2,0
携帯電話とハブラシを一緒に片手で持っています。,人が右手で歯ブラシと携帯電話を握っています。,1,1,0
部屋の中に帽子を被ってネクタイを着けた男の子が立っています。,帽子をかぶってネクタイをした男の子が立っています。,0,0,1
砂浜にサーフボードが置いてあります。,ビーチにサーフボードが１個立てかけられています。,1,1,0
ビーチにサーフボードが１個立てかけられています。,砂浜にサーフボードが置いてあります。,0,0,1
人々がテーブルを囲んで立っています。,会食パーティーには正装をした人々が集っている。,1,1,2
海と山の連なる中に船が浮かんでいます。,切り立った崖に囲まれた海に一隻の船が浮かんでいます。,1,1,0
制服を着た男性が、大きなケーキにナイフを入れています。,紺色の制服を着た人々が集まり、1人の男性が台の上にあるケーキをナイフで切っています。,1,1,2
室内に木の扉とソファとベッドがあります。,明るい寝室の壁には空色であり木陰の絵があしらわれた壁紙が貼ってあります。,1,1,2
コンクリートの上にいる、馬が2頭で馬のお尻には、文字が書かれています。,人を乗せた馬が二頭、道に立っています。,1,1,0
電子機器の液晶画面に時計が映っています。,スマートフォンにアナログ時計が表示されています。,1,1,0
仮装した２人の人が乗った古い型の消防車が、沿道に多くの見物人のいる市街地を走行しています。,仮装した２人の人が乗った古い型の消防車が、沿道に多くの見物人のいる市街地を走行しています。,0,0,1
綺麗に整頓されているキッチンです。,部屋の真ん中に、赤い足に無垢の木のテーブルがあります。,1,1,2
帽子をかぶった人物が背中を向けて水辺に立っています。,帽子をかぶった人物が広場を歩いています。,2,2,1
帽子をかぶった人物が広場を歩いています。,帽子をかぶった人物が背中を向けて水辺に立っています。,2,2,1
バナナの木に青い鳥が止まっています。,バナナの木に黄色い鳥が止まっています。,2,2,1
ダウンジャケットを着た少女が、スキーをしています。,雪山にて、スキーを履いた女の子が微笑んでこちらを向いています。,1,1,0
男性が左手を上げながらホースで、ゾウに水をかけています。,男性がホースで象に水をかけています。,0,0,1
洗面台の流しの中に、ネコとドライヤーと洋服が入っています。,衣料品やドライヤーとともに、黒い猫が洗面所にいる。,1,1,0
衣料品やドライヤーとともに、黒い猫が洗面所にいる。,洗面台の流しの中に、ネコとドライヤーと洋服が入っています。,1,1,0
一匹の猫が青いベンチに座っています。,青いベンチの上にネコが一匹います。,0,0,1
石造りの建物が並んだ街角の様子です。,建物が連った道路に人々が立っている。,1,1,0
女性が、柵の中にいる牛を触っています。,牧場の柵の中の牛を女性が世話しています。,1,1,0
紙袋と傘を持った女性と2人の男性がいません。,紙袋と傘を持った女性と2人の男性がいる。,2,2,1
サッカーのゴールキーパーが2人います。,ゴールキーパーの女性がゴールの前に立ちサッカーボールをキャッチしています。,1,1,0
車内に座っている人物が装置を耳に当てています。,車内に座っている人物が装置を耳に当てています。,0,0,1
道路の隅に荷台を引っ張る動物がいます。,古い街並みの赤い煉瓦の家の前の道路に、荷車をひいた動物がいます。,1,1,0
交差点の角に壁に絵の書かれた緑の建物があります。,四つ角のある、1ドルショップの壁です。,1,1,2
草地の中に消火栓が設置されています。,駅構内に消火栓が設置されています。,2,2,1
女性が２人と、男性１人が、寿司屋の前にいる。,女性が２人と、男性１人が、焼きたてのピザを前に立っています。,2,2,1
男性3人が焼きたてのピザを前に立っています。,女性が２人と、男性１人が、焼きたてのピザを前に立っています。,2,2,1
女性が２人と、男性１人がタコ焼き屋の前にいます。,女性が２人と、男性１人が、焼きたてのピザを前に立っています。,2,2,0
野球の試合でバッティングするバッター。,大リーグの試合でバッターが構えています。,1,1,2
空港で、１機の飛行機の整備をしています。,ガレージで、１台の自動車の整備をしています。,2,2,1
空港で、１機の飛行機の整備をしています。,空港で、１機のヘリコプターの整備をしています。,2,2,1
ガレージで、１台の自動車の整備をしています。,空港で、１機の飛行機の整備をしています。,2,2,0
空港で、１機のヘリコプターの整備をしています。,空港で、１機の飛行機の整備をしています。,2,2,1
茶色いバスが止まっています。,屋内に展示された古いバスがあります。,1,1,0
部屋の奥の洗面台の左下に青い容器が置かれています。,洗面所は生理整頓がされておりきれいな状態です。,1,1,0
水辺に立っている象たちがいます。,象が水のみ場近くで立っていて数頭はかたまっている。,1,1,0
雪の中で、人々が傘を差しています。,吹雪の中で傘をさした人々が立っています。,1,1,0
吹雪の中で傘をさした人々が立っています。,雪の中で、人々が傘を差しています。,0,0,1
３個のカラフルなトッピングのドーナツです。,トレイの上には、カップに入ったドリンクと３つのドーナツがあります。,1,1,0
丸いテーブルを囲んで多くの人が食事をしています。,大勢の人が食事の置かれた丸テーブルを囲んでいます。,0,0,1
チーズやチキンが乗った一枚のピザがあります。,切り分けられたピザが白い台の上に乗っています。,1,1,0
洗面所にバッグを持った女の子がいます。,洗面所に女の子はいない。,2,2,0
路線バスの後ろを男性が乗ったリカンベントが走っています。,路線バスの前を男性が乗ったリカンベントが走っています。,2,2,1
草地の上を鳥の群れが歩いています。,川辺の芝生の上を白い鳥が歩いています。,1,1,0
ロープ一本で男性が時計塔の壁を塗装しています。,白い時計台の壁を塗装している人が居ます。,1,1,0
机の上にはキーボードとマウスとマグカップが置いてあります。,机の上に、マウスとキーボードとカップがあります。,0,0,1
キッチンの流し台の上にはたくさんの野菜がおいてあります。,台所には白い冷蔵庫とテーブルが置いてあります。,1,1,2
女性の左の肩に白い猫が乗っています。,男の肩に黒い猫が乗っている。,2,2,1
男の肩に白い猫がいる。,女性の左の肩に白い猫が乗っています。,2,2,1
右肩に猫が乗っている。,女性の左の肩に白い猫が乗っています。,2,2,1
スキーで雪山を滑っている人がいます。,スキーで雪山を登っている人がいます。,2,2,1
スキーで雪山を滑っている人がいます。,スキーで火山を滑っている人がいます。,2,2,1
スキーで雪山を滑っている人がいます。,スケートで雪山を滑っている人がいます。,2,2,1
スキーで雪山を登っている人がいます。,スキーで雪山を滑っている人がいます。,2,2,1
スケートで雪山を滑っている人がいます。,スキーで雪山を滑っている人がいます。,2,2,1
街の一角の路地にぽつんと小さな標識が立っています。,大きな標識が立っている。,2,2,1
街の一角の路地にぽつんと小さな標識が立っています。,たくさん小さな標識が立っている。,2,2,1
大きな標識が立っている。,街の一角の路地にぽつんと小さな標識が立っています。,2,2,1
たくさん小さな標識が立っている。,街の一角の路地にぽつんと小さな標識が立っています。,2,2,1
料理を前に笑顔の髭の生えた男性がいます。,男性が料理の置かれたテーブルについています。,1,1,0
男性が料理の置かれたテーブルについています。,料理を前に笑顔の髭の生えた男性がいます。,1,1,0
テーブルクロスの上の紙の上に、ドーナツ１個とティースプーン、コーヒーが入ったカップが置いてあります。,ドーナッツ、コーヒー、スプーンがマットの上にあります。,0,0,2
回りに建物がある車が止まっているスペースに複数の人物がいます。,男性が携帯電話で話をしています。,1,1,2
草むらに、茶色の馬と真っ白な馬がいます。,馬の群れが草原で草を食べています。,1,1,0
ピザが置かれたテーブルを囲んで四人の人が座っています。,ピザの置かれたテーブルを四人の人が囲んでいます。,0,0,1
穴にはさみやペンが差し込まれています。,鉛筆、はさみ、ペンが木の穴のある台に刺さっています。,1,1,0
鉛筆、はさみ、ペンが木の穴のある台に刺さっています。,穴にはさみやペンが差し込まれています。,0,0,1
階段でスケボーをしている人がいます。,道でスケボーをしている。,2,2,1
公園でスケボをしている人がいる。,スキー場でスキーやスノボをしている人がいる。,2,2,0
女性がハンバーガーのの置いてあるテーブルの前に座っています。,女性がハンバーガーの置いてあるテーブルの前に座っています。,0,0,1
駅に赤い蒸気機関車が入ってきました。,森の中のホームに蒸気汽関車がやってきました。,1,1,0
駅に赤い蒸気機関車が入ってきました。,駅のホームに蒸気機関車が進入しています。,0,0,1
白い皿にご飯、肉料理、そしてサラダが盛られています。,皿にチキンとライスとサラダが乗っています。,1,1,0
女性が赤いハサミを持って、見ています。,白いTシャツの女性が赤いハサミを手に持っています。,1,1,0
白いTシャツの女性が赤いハサミを手に持っています。,女性が赤いハサミを持って、見ています。,1,1,0
男性がはさみを使って何かを切ろうとしているところです。,大人の男性が、何かをハサミで切っています。,1,1,0
男性がスノーボードをつけて雪の上に座り込んでいます。,スノーボードを足につけた男性が雪の上で体育座りをしています。,1,1,0
飛行機の周りに大勢の人が集まっている。,展示されている飛行機を大勢が見学しています。,1,1,0
少年がバットを持ってバッターボックスに立っている。,少年野球の試合で、選手が左バッターボックスに入りバットを構えています。,1,1,0
少年野球の試合で、選手が左バッターボックスに入りバットを構えています。,少年がバットを持ってバッターボックスに立っている。,0,0,1
男性がサーフボードとパドルを使って波に乗っている。,男性がビーチで寝ている。,2,2,1
男性がサーフボードとパドルを使って波に乗っている。,男性がサーフボードを持って立っている。,2,2,1
男性がビーチで寝ている。,男性がサーフボードとパドルを使って波に乗っている。,2,2,1
男性がサーフボードを持って立っている。,男性がサーフボードとパドルを使って波に乗っている。,2,2,1
男性がボートを漕いでいる。,男性がサーフボードとパドルを使って波に乗っている。,2,2,0
トレーには二つの料理がのせられています。,プレートの上にパンとサラダが盛り付けられています。,1,1,0
犬が絨毯の上でボールと遊んでいます。,カーペットの上で犬がサッカーボールで遊んでいます。,1,1,0
山の麓の原っぱに黒い牛が何頭もいます。,山あいの野原に黒い牛が何頭もいます。,0,0,1
緑と青に色分けされたテニスコートで二人の男性が試合をしています。,テニスの試合をしているコートのそばに観客席があります。,1,1,0
台所の一角に白い冷蔵庫が置かれています。,台所の隅に白い冷蔵庫が置いてあります。,0,0,1
店頭に置かれた木製の台の上に果物が積まれています。,店頭に置かれた木製の台の上に果物がばら撒かれている。,2,2,1
店頭に置かれた木製の台の上に果物が積まれています。,店頭に置かれた木製の台の上に野菜が積まれています。,2,2,0
店頭に置かれた木製の台の上に果物がばら撒かれている。,店頭に置かれた木製の台の上に果物が積まれています。,2,2,1
店頭に置かれたプラスチック台の上に果物が積まれています。,店頭に置かれた木製の台の上に果物が積まれています。,2,2,1
店頭に置かれた木製の台の上に野菜が積まれています。,店頭に置かれた木製の台の上に果物が積まれています。,2,2,1
半ズボンを履いた人の間に子供が立っています。,小さな男の子が、大人を見上げています。,1,1,0
スーツを着た6人の男女が立っている。,数多くの表彰状の前で記念撮影する男女。,1,1,0
皿に載っているピザを取ろうとしている人がいます。,皿の上にある大きなピザを、取っている人がいます。,1,1,2
卓球台で男性プレイヤーがボールを打ち返しています。,テニスコートで男性プレイヤーがボールを打ち返しています。,2,2,1
カウンターに老人たちが立っています。,カウンターに白髪の男女が集まって話をしています。,1,1,0
森を流れる川に一羽の白い鳥が立っています。,森の木の陰に一羽の鳥が留まっています。,1,1,2
この通りの電柱には道路名と自転車専用泥の標識が消えています。,通りの電柱に道路名と自転車専用道路の標識がついています。,2,2,0
コートでテニスがおこなわれています。,男子テニスプレイヤーがコートでボールを突いています。,1,1,2
横になっている猫の足が見えています。,ジャンプしている猫の足が見えています。,2,2,1
立っている猫の足が見えています。,横になっている猫の足が見えています。,2,2,1
ジャンプしている猫の足が見えています。,横になっている猫の足が見えています。,2,2,1
傍に人々がいる前で人工の波の上でサーフィンボードにのっている人がいます。,激しい波に乗ってサーフィンをしている女性。,1,1,0
傍に人々がいる前で人工の波の上でサーフィンボードにのっている人がいます。,波の上でサーフボードに乗る人がいます。,0,0,1
ソファの横にクリスマスツリーがあってランプがともっています。,部屋の左側にクリスマスツリーとノートパソコンがあります。,1,1,2
砂の上にウマを連れた男性が立っています。,砂の上にウマを連れた男性が寝ています。,2,2,1
砂の上にウマを連れた男性が寝ています。,砂の上にウマを連れた男性が立っています。,2,2,1
砂の上にウマを連れた男性が走っています。,砂の上にウマを連れた男性が立っています。,2,2,0
白いプレートにピザやお寿司が盛り付けられています。,白いお皿に、握り寿司3つにピザとパンが盛り付けられています。,1,1,0
バッターボックスに、バットを振り切るバッターがいます。,右打者がバッターボックスでバットを振り切っています。,1,1,0
右打者がバッターボックスでバットを振り切っています。,バッターボックスに、バットを振り切るバッターがいます。,0,0,2
ネクタイを締める男性やヘッドホンをした男性、物を運ぶ女性などが集まっています。,ネクタイを捨てる男性やヘッドホンをした男性、物を運ぶ女性などが集まっています。,2,2,1
ネクタイを捨てる男性やヘッドホンをした男性、物を運ぶ女性などが集まっています。,ネクタイを締める男性やヘッドホンをした男性、物を運ぶ女性などが集まっています。,2,2,1
ネクタイを締める男性やヘッドホンを捨てる男性、物を運ぶ女性などが集まっています。,ネクタイを締める男性やヘッドホンをした男性、物を運ぶ女性などが集まっています。,2,2,1
紺色の制服姿の子ども達がたくさんいます。,小学校位の子供たちが制服を着て集まっています。,1,1,0
牧場で耳に黄色いタグをつけた牛たちが草を食べています。,牛たちが横に並んで、牧草を食べています。,1,1,0
大人のゾウが一頭と子どものゾウが二頭います。,土の上で大きなゾウの後ろに小さな子象が２匹付いてきています。,1,1,0
芝生の上にあるフライングディスクの前に黒い犬が伏せています。,緑の縁、中はピンクのフリスビーを前に、犬が舌を出して座っています。,1,1,0
海辺でサーフボードを持った男性が、海に向かって歩いています。,白いサーフボードを抱えた人が海の方へ歩いています。,1,1,0
白いサーフボードを抱えた人が海の方へ歩いています。,海辺でサーフボードを持った男性が、海に向かって歩いています。,1,1,0
滑走路に青いジェット機が一機います。,滑走路に一機の飛行機が止まっています。,0,0,1
滑走路に一機の飛行機が止まっています。,滑走路に青いジェット機が一機います。,1,1,2
キッチンには、鉄製の扉がある収納棚があります。,キッチンには、木製の扉がある収納棚があります。,2,2,1
芝生の上に小さい女の子がいて、凧を持っています。,女の子が広場で凧をあげようとしています。,1,1,0
線路の上には蒸気機関車があります。,黒い蒸気機関車が線路の上にあります。,1,1,0
スキー場のパークでスノーボーダーがジャンプを決めています。,スキー場でスノーボーダーがジャンプをしています。,0,0,1
背中に色の印を付けられた白い羊達がいます。,短い草のある段差のある岩場の下の平らな地面に置かれたたくさんの枯れ草のまわりに白いふわふわとした体毛をもつ動物が数頭います。,1,1,0
女性の目の前のテーブルに、料理が置かれています。,料理を前にして、女性が胸の下で両手を握っています。,1,1,0
結婚式の男女がケーキカットをしています。,新郎新婦がケーキカットをしています。,0,0,2
黒い人形の横におもちゃが置かれています。,黒い人形の横に食べ物と飲み物が置かれています。,2,2,1
サーファーが青いボードで波にのっています。,少年が青いボードでサーフィンをしています。,1,1,0
少年が青いボードでサーフィンをしています。,サーファーが青いボードで波にのっています。,0,0,2
１台のバスが停留所に停車しています。,１台のバスが停留所を去りました。,2,2,1
１台のバスが停留所に停車しています。,バスが走っています。,2,2,1
１台のバスが停留所を去りました。,１台のバスが停留所に停車しています。,2,2,1
バスが走っています。,１台のバスが停留所に停車しています。,2,2,1
ハンバーガーとフライドポテトが置いてあります。,お皿の上にたくさんのフライドポテトとハンバーガーが盛り付けられています。,1,1,0
動物注意の道路標識の向こうに２頭のシマウマがいます。,道の脇に二匹のシマウマがおり、その手前には標識が立っています。,1,1,0
道の脇に二匹のシマウマがおり、その手前には標識が立っています。,動物注意の道路標識の向こうに２頭のシマウマがいます。,1,1,2
とても広いリビングの真ん中にソファーがあります。,狭いリビングがあります。,2,2,1
とても広いリビングの真ん中にソファーがあります。,リビングの端にソファーがあります。,2,2,1
狭いリビングがあります。,とても広いリビングの真ん中にソファーがあります。,2,2,1
寝室にソファーがあります。,とても広いリビングの真ん中にソファーがあります。,2,2,1
花畑の上で傘をさして微笑んでいる女性がいます。,黄色い花の中にオレンジ色の傘をさした女性が立っています。,1,1,0
男性がワインを女性のグラスに注いでいます。,レストランで座っている女性のグラスにワインを注ごうとしている男性がいます。,1,1,0
レストランで座っている女性のグラスにワインを注ごうとしている男性がいます。,男性がワインを女性のグラスに注いでいます。,0,0,1
街路樹に壁掛け時計が取り付けられています。,高い木の幹に丸い時計がとりつけられています。,1,1,0
ブルーの小型機が低空飛行をしている。,飛行場から青い小型機が飛び立っています。,1,1,0
タイルの床の上に敷かれたカーペットの上に、椅子に座った3人の人間と伏せ姿の犬がいます。,犬と3人の男性がリビングにいます。,1,1,0
前輪が遠く離れたバイクにまたがる男女がいます。,道を行くイージーライダー風のバイクに、2人乗りをしています。,1,1,0
洗面所にいる男性を後ろの人が鏡越しに撮影しています。,白色の洗面台の鏡に、男性と女性が映っています。,1,1,0
まな板の上に、切られたしいたけとたまねぎがあります。,まな板の上にきのこと包丁と野菜が置かれています。,1,1,2
動物が木の枝の上でぶら下がっています。,人 が木の枝の上でぶら下がっています。,2,2,1
帽子 が木の枝の上でぶら下がっています。,動物が木の枝の上でぶら下がっています。,2,2,1
人 が木の枝の上でぶら下がっています。,動物が木の枝の上でぶら下がっています。,2,2,1
テーブルの上に皿に盛られたドーナツが置かれています。,3つの皿の上にいろいろなドーナツがあります。,1,1,0
3つの皿の上にいろいろなドーナツがあります。,テーブルの上に皿に盛られたドーナツが置かれています。,1,1,2
駐車場にオレンジにペイントされた二階建てバスが止まっています。,駐車場にオレンジにペイントされた二階建てバスが走っています。,2,2,1
駐車場にオレンジにペイントされた二階建てバスが走っています。,駐車場にオレンジにペイントされた二階建てバスが止まっています。,2,2,1
子供のおもちゃもキッチンに一緒に並べられています。,コンロのうえにオーブンが設置されています。,1,1,0
砂浜で２人の男性がサーフボードを脇にかかえています。,海辺のビーチにて、二人の男性がサーフボードを持って歩いています。,1,1,0
海辺のビーチにて、二人の男性がサーフボードを持って歩いています。,砂浜で２人の男性がサーフボードを脇にかかえています。,1,1,0
男性が、雪のある場所でレールの上をスノーボードで滑っています。,スノーボードでレールの上を滑り降りている人がいます。,0,0,1
スノーボードでレールの上を滑り降りている人がいます。,男性が、雪のある場所でレールの上をスノーボードで滑っています。,1,1,0
汽車が描かれている四角い手作りケーキです。,汽車の絵が描かれている四角いケーキです。,0,0,1
乗り物のイラストが描かれた四角いものがあります。,汽車の絵や星が描かれている四角いケーキです。,1,1,0
物を積み上げた荷台を押している2人の男性が道の真ん中を歩いています。,道路を男性2人が緑の荷物を運んでいる。,1,1,0
二人組みの男性が台車を押しながら路上を歩いています。,物を積み上げた荷台を押している2人の男性が道の真ん中を歩いています。,1,1,0
トレーの上に、ホットドッグやライスなどを乗せたお皿が乗っています。,トレイにホッドドッグとライスがのっています。,0,0,1
ふきんの上にさかさまに伏せられたたくさんのグラスが置かれています。,流し台にたくさんのグラスが置かれています。,1,1,0
街角の階段で女性が電話をしています。,街角にて、ワンピース姿の女性が携帯電話で話をしています。,1,1,0
街角にて、ワンピース姿の女性が携帯電話で話をしています。,街角の階段で女性が電話をしています。,1,1,0
歩道の消火栓の横に子供が二人います。,消火栓の横に、子供と赤ちゃんが立っています。,1,1,0
棚の上にバナナの房がたくさん並んでいます。,商品棚にたくさんのバナナが置かれています。,1,1,0
道路を80番のプレートをつけた自動車が走っています。,道で灰色の80番のプレートをつけたライトバンが走っています。,1,1,0
白いＴシャツを着た男性がフリスビーを持ってジャンプしています。,フリスビーを持ってジャンプをしている人がいます。,0,0,1
白いトイレの水タンクが開いています。,青いTシャツの男性がトイレの側に座っています。,1,1,2
子どもの前にデコレートされていないケーキが置かれています。,子供の前にデコレートされたケーキが置かれています。,2,2,1
テーブルの上に、2台の携帯電話が置かれています。,テーブルに２個の携帯電話と２枚の紙のお金があります。,1,1,0
テーブルに２個の携帯電話と２枚の紙のお金があります。,テーブルの上に、2台の携帯電話が置かれています。,0,0,1
トラックの荷台に車が積まれています。,道を走るトラックにはトラクターが積んであります。,1,1,0
牛たちが柵の中から顔を出し餌の草を食べています。,牛たちが柵の中から顔を出し餌の草を食べています。,0,0,2
ポケットに鋏がたくさん入っています。,シザーケースに、たくさんの美容用のはさみがあります。,1,1,0
４人の子どもたちが横になっています。,ベッドの上に三人の少女と赤ちゃんが寝ている。,1,1,0
ベッドの上に三人の少女と赤ちゃんが寝ている。,４人の子どもたちが横になっています。,0,0,1
レールの上を車両の長い電車が走っています。,貨物列車が線路を走りぬけています。,1,1,0
道路に二階建てバスが通行しています。,街中をダブルデッカーバスが走っています。,1,1,0
水色のさらには野菜と肉が盛り付けてあります。,ブロッコリーと鶏肉のサラダです。,1,1,0
大きな荷物が置いてあるベンチのそばに、人が立っています。,男性がベンチに荷物を置いて立っています。,1,1,0
土と岩の広場にシマウマが2頭佇んでいます。,シマウマたちが草を食べています。,1,1,2
胸の大きな女性が日傘をさしています。,胸の大きな女性が眠っています。,2,2,1
鏡の上に活けられた花は置かれていない。,鏡の上に活けられた花が置かれています。,2,2,0
電車が街中の高架を走っています。,鉄橋の上を銀色の電車が走っているところです。,1,1,0
箱に入ったピザの蓋が、開けられているところです。,宅配用の容器にピザが入っています。,1,1,0
ベッドの周りに衣服を脱ぎ散らかしています。,ベッドのそばに服が脱ぎ散らかしてあります。,0,0,1
ガラスの器にブロッコリーとパスタが混ざっています。,ガラスのうつわにバスタがはいっています。,0,0,1
岩の上に二頭の茶色いくまがいます。,岩の上に大きな茶色のクマが２頭います。,1,1,0
岩の上に大きな茶色のクマが２頭います。,岩の上に二頭の茶色いくまがいます。,0,0,1
道路を、沢山の車が走っています。,道路の手前に、標識の付けられたポールがあります。,1,1,2
電車が通過しているホームで男の人が携帯電話を見ています。,男性が携帯電話で話している。,2,2,1
電車が通過しているホームで男の人が携帯電話を見ています。,電車が停車している。,2,2,1
男性が携帯電話で話している。,電車が通過しているホームで男の人が携帯電話を見ています。,2,2,0
電車が停車している。,電車が通過しているホームで男の人が携帯電話を見ています。,2,2,1
木の箱の上に黒い猫が寝転んでいます。,大人の黒い猫が何かを見続けています。,1,1,2
大人の黒い猫が何かを見続けています。,木の箱の上に黒い猫が寝転んでいます。,1,1,2
山が見える平原にベンチがあります。,草原にあるベンチの奥にはたくさんの山々が見えます。,1,1,0
道路の上を、１台のバイクが走っています。,草原の間のアスファルト上をオートバイで走る人がいます。,1,1,0
黄色いアーチ型の看板の下をバスが通過中。,赤と黄色のゲートの下を一台のバスが通過しています。,1,1,0
白衣を着た人たちが牛を引き連れて歩いている。,白衣を着た男性が牛を連れて歩いています。,1,1,0
洗面台の鏡に庭の緑が映っています。,一面白いバスルームには大きな窓があります。,1,1,0
青いTシャツを着た男の子が砂浜でフリスビーを投げています。,青い服を着た子供がフリスビーを投げています。,0,0,1
上空で飛行機が飛んでいるところです。,ジェット飛行機が上空を飛行しています。,1,1,0
赤と黒のウエアを着た人がスキーをしています。,黒い服に赤いズボンを履いた人がゲレンデでスキーをしています。,1,1,2
石造りの建物の上部に十字架があります。,古いレンガつくりの壁に十字架か掲げられていて上部のふちが規則的に凸凹したつくりの建物です。,1,1,0
外国人男性が、サーフィンを楽しんでいます。,男性がサーフィンをやっています。,0,0,1
帽子をかぶった男性がウマに股がっています。,人を乗せた馬が１頭歩いています。,1,1,0
雪山にて、二人のスキーヤーが滑走しています。,雪山を２人の人がスキーで滑り降りています。,0,0,1
砂浜で凧揚げをしてる人が一人います。,砂浜で一人の男性が凧揚げをしています。,1,1,0
台所の流しの横に銀色の入れ物があります。,ごみ捨て用のふたを開けているものとそうでないもの。,1,1,2
ベージュのソファーがある部屋には、黒いテレビや丸テーブルやキャンドル型の照明があります。,円形のテーブルの上にろうそくが二本立っています。,1,1,0
ステンレス製の手洗い場の窓から２台の飛行機が見えます。,空港の建物の中から飛行機が見えます。,1,1,0
ベンチに女性が足をくんで座っています。,女性が道路に置いたベンチに座っています。,1,1,0
ドーナツの前で女性が男性と話しています。,ピンクの服を着た人と緑色の服を着た人の前の机に箱に入ったドーナツが置かれています。,1,1,2
ピンクの服を着た人と緑色の服を着た人の前の机に箱に入ったドーナツが置かれています。,ドーナツの前で女性が男性と話しています。,1,1,0
女性が芝生の上でぬいぐるみに囲まれて寝ています。,ぬいぐるみに囲まれて寝ている人がいます。,0,0,1
シマウマたちが川を渡っています。,丘から続く川にシマウマが入ろうとしています。,1,1,0
丸い時計と樹々とベンチと丸い建物です。,公園に時計があり、後ろにドーム状の建物があります。,1,1,0
公園に時計があり、後ろにドーム状の建物があります。,丸い時計と樹々とベンチと丸い建物です。,1,1,2
黒いスキーウェアを着た人がスキーをしています。,黄色いスキーウェアを着た人がスキーをしてい黄色い。,2,2,1
黄色いスキーウェアを着た人がスキーをしてい黄色い。,黒いスキーウェアを着た人がスキーをしています。,2,2,0
工事中の道路に、回り道を誘導するパイロンが置いてあります。,赤いコーンを立て、その中に赤いネットを張って、マンホール内の工事をしています。,1,1,0
海でサーフィンをしているところです。,男性が海でサーフィンをしています。,1,1,0
男性がスケートボードを持っています。,スケートボードを持った男性がいます。,0,0,1
サンドウィッチが皿に乗っています。,サンドイッチとナイフが置いてあります。,1,1,0
川の中や川のほとりにゾウ達がいます。,サバンナの小川にゾウがあつまっています。,1,1,0
スノーボーダーがジャンプ台から飛んでいます。,雪の斜面の上をスノーボードでジャンプしている人がいます。,1,1,0
2頭のシロクマが水の中であばれています。,シロクマが椅子に座っています。,2,2,1
壊れたものが散乱しているトイレに破損した便器があります。,壊れたものが散乱しているトイレに新品の便器があります。,2,2,1
壊れたものが散乱しているトイレに新品の便器があります。,壊れたものが散乱しているトイレに破損した便器があります。,2,2,1
綺麗に整備されたトイレに破損した便器があります。,壊れたものが散乱しているトイレに破損した便器があります。,2,2,0
壊れたものが散乱しているトイレに破損した便器がない。,壊れたものが散乱しているトイレに破損した便器があります。,2,2,1
車のサイドミラーの中にカメラを構える人と犬が写っています。,自動車の窓から犬が外の様子を覗いています。,1,1,0
スケートボードに乗っている人が階段の手すりの所で跳び上がりバランスを取っています。,階段の手摺りをジャンプしているスケートボーダーを、撮影している人がいます。,1,1,2
丸型の時計のうしろに木があります。,5時1分を指し示した時計があります。,1,1,0
雪山の見える道路を、２人の人がスキーを担いで歩いています。,スキーを担いだ二人の人が道路を歩いています。,0,0,1
男性がフリスピーを飛ばそうとしています。,芝生の上で一人の男性がフリスビーを楽しんでいます。,1,1,0
４本のネクタイが丸めて並べられています。,丸めたネクタイが四つおかれています。,0,0,1
部屋の隅に電子レンジが置いてあります。,キッチンにレンジや炊飯器、ポットらしきものも置かれています。,1,1,0
駅のプラットホームに電車が停車しています。,駅のプラットホームから電車が発車しています。,2,2,1
駅のプラットホームから電車が発車しています。,駅のプラットホームに電車が停車しています。,2,2,0
駅のプラットホームに電車が停車するところでず。,駅のプラットホームに電車が停車しています。,2,2,1
明るいライトに留まる１羽の野鳥がいます。,暗いライトに留まる鳩がいます。,2,2,1
明るいライトに留まる１羽の野鳥がいます。,ライトに留まるたくさんの野鳥がいます。,2,2,1
暗いライトに留まる鳩がいます。,明るいライトに留まる１羽の野鳥がいます。,2,2,0
浜辺で色々な立体的な凧の様なものを揚げています。,海の砂浜の柵で区切られた場所で、立体的な凧の様なものを揚げている人々がいます。,1,1,0
自転車にスケートボードが立てかけられています。,自転車の側面にスケートボードが立てかけられています。,1,1,0
海でサーフィンをしている男性がいます。,海でサーフィンをしている人がいます。,0,0,1
海でサーフィンをしている人がいます。,海でサーフィンをしている男性がいます。,1,1,2
線路上を鉄道車両が通過するところです。,線路上で鉄道車両が通過待ちをしています。,2,2,1
線路上を鉄道車両が停車するところです。,線路上を鉄道車両が通過するところです。,2,2,0
線路上で鉄道車両が通過待ちをしています。,線路上を鉄道車両が通過するところです。,2,2,1
室内でネクタイを締めている人がいます。,シャツを着た男性が立ってネクタイをつけているところです。,1,1,2
スノーボーダーが、上手に手すりの上を滑っています。,手すりの下を滑っている。,2,2,1
スノーボーダーが、上手に手すりの上を滑っています。,手すりの横を滑っている。,2,2,1
手すりの下を滑っている。,スノーボーダーが、上手に手すりの上を滑っています。,2,2,1
手すりの横を滑っている。,スノーボーダーが、上手に手すりの上を滑っています。,2,2,1
芝生の上に何頭ものシマウマが立っている。,草原に何頭ものシマウマが立っています。,1,1,0
交差点でサングラスをかけた男性が携帯電話で話をしています。,ピンク色のシャツにサングラスの男性が、携帯電話を耳に当てています。,1,1,0
ピンク色のシャツにサングラスの男性が、携帯電話を耳に当てています。,交差点でサングラスをかけた男性が携帯電話で話をしています。,1,1,0
小さな女の子が皿の中の麺を持ち上げています。,子供がスパゲッティーを高く掲げています。,1,1,0
雪山の斜面をスキーヤーが滑っています。,晴天の雪山をスキーヤーが滑っています。,1,1,0
サーフボードのオブジェの脇で、女性がにこやかにポーズをとっています。,女性がサーフボードの看板を横にポーズを決めています。,1,1,2
車が駐まっている道路の信号は黄です。,車が駐まっている道路の信号は青です。,2,2,0
様々な時計が、壁一面にかけられています。,壁に沢山の時計が掛かっています。,0,0,1
線路わきに三人の自転車を持った若者が集っている。,数人の若者が自転車を止めて話しをしています。,1,1,0
シャッターのまえにひとがすわっています。,シャッターのまえに猫がすわっています。,2,2,1
シャッターのまえにひとが立っています。,シャッターのまえにひとがすわっています。,2,2,0
シャッターのまえに犬がすわっています。,シャッターのまえにひとがすわっています。,2,2,1
シャッターのまえに猫がすわっています。,シャッターのまえにひとがすわっています。,2,2,1
パソコンがあるオフィスにペンギンのぬいぐるみが飾られています。,黒いパソコンモニターの前に、黒い椅子があります。,1,1,2
港町のパブで数人の男たちが食事を楽しんでいる。,屋外でパーティーをしていてみんな笑顔です。,1,1,2
屋外でパーティーをしていてみんな笑顔です。,港町のパブで数人の男たちが食事を楽しんでいる。,1,1,0
焼きあがったピザがお皿の上に載っています。,こんがりと焼けたピザが、白い皿に載せられています。,1,1,0
テニスプレイヤーがボールを打ち返そうとしています。,白いユニフォームを身につけた男性がラケットでボールを打とうとしています。,1,1,0
幼児が赤い傘を持ってこちらを見つめている。,赤い傘を掲げた男の子がほほえんでいます。,1,1,0
青空の下、白い機体の飛行機が地面にとまっています。,空港に白い飛行機がとめられています。,1,1,0
野菜の具がたっぷり入ったサンドイッチがあります。,トマトやタマネギが入ったサンドウィッチです。,1,1,0
皿の上にホットドッグとポテチがあります。,白くて丸いお皿に盛られた、ホットドッグとポテトチップスです。,1,1,0
白くて丸いお皿に盛られた、ホットドッグとポテトチップスです。,皿の上にホットドッグとポテチがあります。,0,0,1
様々な種類の野菜と果物が並んでいます。,果物屋の軒先にはオレンジやリンゴなどが箱に入って並べられています。,1,1,0
道路の真ん中に、オレンジ色のトラックが停まっています。,オレンジ色のトラックが、交差点の真ん中で道を塞いでいます。,1,1,0
テニスコートでテニスのダブルスの試合が行われています。,コートでダブルスのテニスが行われています。,0,0,1
飛行機が滑走路に停まってタラップを下ろしています。,双発プロペラ機がドアを開けたタラップを下ろして空港に停まっています。,1,1,0
山のふもとに何頭もの馬が立っている。,山の下の砂場に五頭の馬が立っています。,1,1,0
山のふもとに数頭の馬が立っています。,山の手前の草原に馬が数頭佇んでいます。,1,1,2
公園のベンチの前に時計が立っています。,公園のベンチの前に女性が立っています。,2,2,1
公園のベンチの前に女性が立っています。,公園のベンチの前に時計が立っています。,2,2,1
公園のトイレの前に時計が立っています。,公園のベンチの前に時計が立っています。,2,2,1
屋外でシマウマたちが集まっています。,岩がごろごろ転がっている斜面下の広場にシマウマが5頭います。,1,1,0
室内に複数のテーブルが並べられています。,広いショールームの空間が広がっています。,1,1,0
川の上にある鉄橋を黒い電車が走っている。,鉄橋の上を貨物列車が走っています。,1,1,0
貨物列車が山の前の線路の上にいます。,山の前に蒸気機関の貨物列車がいます。,1,1,0
スキーを履いた人が雪の上へ立っています。,赤いウェアのスキーヤーが見晴らしの良い場所で立っています。,1,1,0
海で、サーファーが波に乗っています。,男性が波を切りながらサーフィンをしています。,1,1,0
男性が波を切りながらサーフィンをしています。,海で、サーファーが波に乗っています。,0,0,1
キャラクターの形をしたお菓子に蝋燭が10数本たてられています。,動物をかたどったケーキに何本ものロウソクがささっています。,1,1,0
野球のバッターがボールを打とうとしています。,バットを下から振り上げているバッターがいます。,1,1,0
テーブルの上に調理されているピザがあります。,プレートに載せられたピザ生地の上に材料を載せているところです。,1,1,2
スケートボードをしている人がジャンプしています。,スキーをしている人がいます。,2,2,1
スキーをしている人がいます。,スケートボードをしている人がジャンプしています。,2,2,1
スケートボードを持っている人が歩いてきます。,スケートボードをしている人がジャンプしています。,2,2,0
赤信号で大型トラックが停まっています。,白い大型トラックが赤信号で停まっている。,1,1,0
広大な草原に放牧されているヤギがいます。,草原にたくさんのヤギが放牧されています。,0,0,1
ライトの点いたキッチンやシンクの上にいろいろな物が置かれています。,黄色の壁と白いドアがあるキッチンです。,1,1,0
海でサーファーがサーフィンをしています。,女性が波に乗ってサーフィンをしています。,1,1,2
１頭のゾウが草むらに佇んでいます。,1頭のライオンが佇んでいる。,2,2,1
1頭のライオンが佇んでいる。,１頭のゾウが草むらに佇んでいます。,2,2,1
2頭のゾウが佇んでいる。,１頭のゾウが草むらに佇んでいます。,2,2,1
青い芝生で、男性がフリスピーをしている様子です。,赤いウェアの男性と水色のウェアの男性がフリスビーをしています。,1,1,0
雪の積もった林で子供と大人がスキーですべっています。,子供が1人スキーをしている。,2,2,1
子供が1人スキーをしている。,雪の積もった林で子供と大人がスキーですべっています。,2,2,1
日が当たる砂浜で、カイトが揚がっています。,遠くに太陽が沈む海の風景があります。,1,1,0
母親がベッドで子供に本を見せています。,二人の子供が寝ているベッドで女性が本を開いて見せています。,1,1,0
女性がテーブルの上のホールケーキをぐちゃぐちゃにしています。,赤い服を着た女の人がケーキを左手でつかんで包丁で刺しています。,1,1,0
森の中に木のベンチの場所があります。,木でできた部屋にある長方形の窓から、大きな木が見えます。,1,1,0
ビルに設置された時計が５時６分を指しています。,窓から大きな時計が取り付けられたビルが見えます。,1,1,0
大理石でできた洗面所に2つの洗面台があります。,金の蛇口がついた大理石の洗面台です。,1,1,0
男性と女性がキッチンに立っています。,キッチンの前に立つ男性の腰に、女性が手を当て後ろに立っています。,1,1,0
消火栓が道端に設置がされています。,道路の脇に錆びた消火栓が設置されています。,1,1,0
ある人物がスケートボードでアクションをしています。,スケートボード練習場である人がスケートボードをしています。,1,1,0
障害物競走で障害を馬が乗り越えています。,馬がジョッキーを乗せて、障害物を飛び越えています。,1,1,2
部屋の中に三台並んだベッドの足元に椅子が三脚置かれています。,部屋の中に三台並んだベッドの上に椅子が三脚置かれています。,2,2,1
家の外に三台並んだベッドの足元に椅子が三脚置かれています。,部屋の中に三台並んだベッドの足元に椅子が三脚置かれています。,2,2,1
部屋の中に三台並んだベッドの上に椅子が三脚置かれています。,部屋の中に三台並んだベッドの足元に椅子が三脚置かれています。,2,2,1
部屋の中に三台並んだベッドから離れた場所に椅子が三脚置かれています。,部屋の中に三台並んだベッドの足元に椅子が三脚置かれています。,2,2,1
ゴーグルをしたひとが雪のうえに立っています。,カバンを持ったひとが雪の上に座っています。,2,2,1
カバンを持ったひとが雪の上に座っています。,ゴーグルをしたひとが雪のうえに立っています。,2,2,1
ナイフと歪な形のニンジンが板の上にたくさん置かれている。,ナイフと歪な形のニンジンが少しだけ板の上に置かれている。,2,2,1
ナイフと歪な形のニンジンが少しだけ板の上に置かれている。,ナイフと歪な形のニンジンが板の上にたくさん置かれている。,2,2,0
スキーを履いてジャンプしている人がいます。,スキー板を履いた人が、ジャンプしています。,0,0,2
草原の木立の中にキリンが二頭います。,草原の木立の中にバッファローが二頭います。,2,2,0
草原の木立の中にバッファローが二頭います。,草原の木立の中にキリンが二頭います。,2,2,1
貨物列車がカーブを曲がってきています。,ライトをつけた電車が走っています。,1,1,0
椅子の上には花瓶に生けられた草などがあります。,椅子の上に、花瓶に入った植物があります。,0,0,1
椅子の上に、花瓶に入った植物があります。,椅子の上には花瓶に生けられた草などがあります。,1,1,2
車のミラーに運転手が写っています。,バイクのミラーに運転手が写っています。,2,2,1
バイクのミラーに運転手が写っています。,車のミラーに運転手が写っています。,2,2,0
波打ち際でサーファーがサーフボードを持って歩いています。,海辺のビーチにて、サーフボードを持った男性が歩いています。,1,1,0
水際に一頭の白熊が立っています。,白熊が池の水に飛び込もうとしています。,1,1,0
階段にたくさんの男女が腰を掛けています。,階段のある場所にたくさんの人が腰を掛けています。,1,1,0
階段のある場所にたくさんの人が腰を掛けています。,階段にたくさんの男女が腰を掛けています。,1,1,0
公園の時計が1時18分を示しています。,公園の時計が11時18分を示しています。,2,2,1
部屋のなかに机と照明が置かれています。,部屋にデスクと椅子、電気スタンドが置かれています。,1,1,0
部屋にデスクと椅子、電気スタンドが置かれています。,部屋には机と椅子、電気スタンドがあります。,0,0,1
赤い６つのスピーカーが柱の上にあります。,屋外の高場に赤いスピーカーが取り付けられています。,1,1,0
海の上にたくさんの船が浮かんでいるところです。,海の上に船が一艘浮かんでいる。,2,2,1
海の上に船が一艘浮かんでいる。,海の上にたくさんの船が浮かんでいるところです。,2,2,0
壁のフックには歯ブラシがかけられています。,タイルの壁に歯ブラシがぶら下げられています。,1,1,0
川のそばのレールの上を列車が走っています。,赤色の列車が線路の上を走行しています。,1,1,0
女性がスケートボードにのってすべっています。,柵の前で、女性がスケートボードをしています。,1,1,0
ネットを挟んで2人のテニスプレーヤーが握手をしています。,男性テニスプレイヤーたちが、ネットを挟んで握手をしています。,1,1,0
牧草地に放牧中のたくさんの乳牛です。,牧草地に1頭の羊がいます。,2,2,1
牧草地に1頭の羊がいます。,牧草地に放牧中のたくさんの乳牛です。,2,2,1
白いシーツの敷かれた台の上に置かれたお皿に盛られた食べ物に舌を出した顔を近づけている人物がいます。,白い大皿に載せられた料理を手を使わずに食べようとしている男性がいます。,1,1,0
個室のトイレには赤い花が活けてあります。,ベージュを基調としたトイレットルームです。,1,1,0
テーブルで料理を作っている人達がいます。,大人と子供がお菓子を作っています。,1,1,0
洗面台の中に黒い猫が丸くなって入っています。,洗面台の中にニャンコが丸まっています。,0,0,1
旅行カバンに熊のぬいぐるみが置いてあります。,取っ手に熊のぬいぐるみが一つはさまれています。,1,1,0
男性がフリスビーを両手に持って立っています。,公園でフリスビーを持った男性がいます。,1,1,0
ベッドに敷かれた布団の上に二匹の動物が寝転がっています。,二匹の犬がベッドの上で寝ています。,1,1,0
芝生の上でイヌがボールに前足をかけています。,犬がサッカーボールを前足でつついて遊んでいます。,1,1,0
路上でスケボーをしている人がいます。,人が街でスケートボードをしています。,0,0,1
土の上にシマウマが３頭立っています。,三頭のシマウマが土の上を歩いています。,1,1,2
オリーブなどを乗せた焼かれた楽天があります。,オリーブなどを乗せた焼かれたピザがあります。,2,2,0
海でサーフィンをしている人たちがいます。,五人の男性が海でサーフボードを漕いでいます。,1,1,0
海でサーフィンをしている人たちがいます。,白い波が立っている海で、複数の人が１本のオールを手に持ってサーフィンをしています。,1,1,0
五人の男性が海でサーフボードを漕いでいます。,海でサーフィンをしている人たちがいます。,0,0,1
雪山でスキーヤーが宙返りをしています。,スキーヤーが斜面で背中を下にしながらジャンプしています。,1,1,0
グラウンドで野球をしている人がいます。,黒いユニフォームを着た人がバッターボックスでバットをかまえて立っています。,1,1,2
屋外のスケートボードパークで、スケートボーダーたちが滑っています。,室内のスケートボードパークで、スケートボーダーたちが滑っています。,2,2,1
高い時計台が併設された建物があります。,青空の下にベージュ色の時計台があります。,1,1,0
ワゴン車の荷台にたくさんのバナナが積まれています。,車の中に沢山のバナナが積み込まれています。,0,0,1
緑色の服を着た人が、茶色いイチゴが乗ったケーキを切っています。,緑色のＴシャツを着た人が、ケーキを切り分けています。,1,1,0
部屋にクリスマスツリーが置かれています。,部屋の中で、クリスマスツリーが点灯しています。,1,1,0
部屋の中で、クリスマスツリーが点灯しています。,部屋にクリスマスツリーが置かれています。,0,0,2
椅子の上に猫と布と枕があります。,ベッドの上に猫と布と枕があります。,2,2,0
洗面台の上に、石鹸のボトルが二本置いてあります。,タイルの壁に洗面台が備え付けられています。,1,1,2
緑色の植物を生けたビンが置かれています。,黒色の植物を生けたビンが置いてあります。,2,2,1
白色の植物を生けた瓶が置いてあります。,緑色の植物を生けたビンが置かれています。,2,2,0
曇り空の上を一機の戦闘機が飛んでいる。,曇り空の中を戦闘機が飛んでいます。,0,0,2
都会を流れる川を観光船が進んでいます。,周りにビルが立ち並ぶ川を、ボートが走っています。,1,1,0
コンクリートの上に、黒猫が寝そべっています。,コンクリートの上に黒猫が横たわっています。,0,0,1
野球場にてホームベースそばにバッターやキャッチャーなどがいます。,観客が見守る中、野球の試合が行われています。,1,1,0
バイクを二人乗りしている人が見えます。,2人乗りをした、バイクが走っています。,1,1,0
カットされたコーンやトマトがトッピングされたピザです。,一枚の大きいピザが紙のボックスに入っています。,1,1,2
猫が扉の下の隙間から顔を出しています。,犬が扉の下の隙間から顔を出しています。,2,2,1
猫が扉の下の隙間から顔を出しています。,猫が扉の下の隙間からおしりを出しています。,2,2,1
犬が扉の下の隙間から顔を出しています。,猫が扉の下の隙間から顔を出しています。,2,2,1
猫が扉の下の隙間からおしりを出しています。,猫が扉の下の隙間から顔を出しています。,2,2,0
芝の上をフライングディスクを咥えた犬が走っています。,雪の上をフライングディスクを咥えた犬が走っています。,2,2,1
砂浜でフライングディスクを咥えた犬が走っています。,雪の上をフライングディスクを咥えた犬が走っています。,2,2,1
雪の上でフライングディスクを咥えた犬が止まっています。,雪の上をフライングディスクを咥えた犬が走っています。,2,2,1
テーブルの上にたくさんのボトルやグラスが置かれています。,沢山の物が置かれたテーブルの奥に二人が座っています。,1,1,0
バナナを前に微笑む男性2人がいます。,男性二人がバナナを見て微笑んでいます。,0,0,1
3頭のシマウマが、顔を寄せ合っています。,道路に三頭のシマウマが立っています。,1,1,0
道路に三頭のシマウマが立ち止まっています。,三匹のシマウマが道路の上に立っています。,0,0,1
Ｔシャツの男性が荷物をはこんでいます。,男性が大きな箱を抱えて運んでいます。,1,1,0
トレイの上にケーキが乗っています。,トレイの上に書類が乗っています。,2,2,1
トレイの上に書類が乗っています。,トレイの上にケーキが乗っています。,2,2,1
列車が駅のホームに入ってきています。,誰もいないホームに電車が入ってきています。,1,1,0
車のいる道のそばで、電話をしている男性がいます。,女性が電話をしている。,2,2,1
女性が電話をしている。,車のいる道のそばで、電話をしている男性がいます。,2,2,1
男性が電話を探しています。,車のそばで、男性が電話を耳にあてています。,2,2,1
上半身裸の男が、飲み物を飲んでいます。,浜辺で男性が缶飲料を飲んでいます。,1,1,0
缶ジュースと携帯電話を手に持った上半身裸の男性が座っています。,缶飲料を持った上半身裸の男性がいます。,0,0,2
キッチンは乱雑だ。,キッチンルームは整理整頓されています。,2,2,1
キッチンはほこりまみれだ。,キッチンルームは整理整頓されています。,2,2,1
時計台があるレンガ造りの建物です。,茶色と白で構成された大きな時計台があります。,1,1,0
草むらの向こうの草原に、動物が二頭います。,草むらの向こうの草原に動物達がいます。,0,0,1
大きな牙のあるゾウが１頭、長い鼻で水をすくっています。,動物園の像が、長い鼻で水をすくっているところです。,1,1,2
老人が一人で横断歩道を渡っています。,若者が横断歩道を渡っている。,2,2,1
若者が横断歩道を渡っている。,老人が一人で横断歩道を渡っています。,2,2,1
高校生が横断歩道を渡っている。,老人が一人で横断歩道を渡っています。,2,2,1
トイレの窓にブラインドが設置されています。,トイレの窓には通気口があるだけである。,2,2,1
トイレの窓には通気口があるだけである。,トイレの窓にブラインドが設置されています。,2,2,1
女性が手に持ったハサミを額の前に当てています。,前髪を自分で切っている女性がいます。,1,1,0
白いドアの近くに五つの時計が設置されています。,扉のそばの壁に五つの掛け時計が掛かっています。,1,1,0
扉のそばの壁に五つの掛け時計が掛かっています。,扉の左側の壁に時計が５つ縦に並んで掛かっています。,1,1,0
男性がベンチに座り携帯電話のような物を手にしています。,椅子に腰かけた人が、手に持ったものを見ています。,1,1,0
専用練習場内で、男性がスケートボードでジャンプをしています。,雲の漂う空の下で男性がスケートボードを使いジャンプしています。,1,1,0
ボールを高らかに上げて少年が今まさにラケットで打とうとしています。,一人の少年がまさにサーブしようとしています。,1,1,0
２人の人がパソコンの前でポーズをとっています。,教室で机に着き、ノートPCをしている男性がこちらを見て舌を出し、隣に座る人は上を見上げてブイサインをしています。,1,1,0
赤い電車には大きな文字が書かれてあります。,プラットホームに止まっている電車には大きな文字が描かれいます。,1,1,0
サーフボードを手にした男性と水着の女性がいます。,サーフボードを持っている男性と水着を着ている女性が海岸にいます。,1,1,0
サーフボードを持っている男性と水着を着ている女性が海岸にいます。,サーフボードを手にした男性と水着の女性がいます。,0,0,2
小鳥たちが道に落ちたパンをつついています。,小鳥たちが飛んでいる。,2,2,1
小鳥たちが道に落ちたパンをつついています。,小鳥たちが木に止まっている。,2,2,1
小鳥たちが道に落ちたパンをつついています。,小鳥たちがカラスに追われている。,2,2,1
小鳥たちが飛んでいる。,小鳥たちが道に落ちたパンをつついています。,2,2,1
小鳥たちが木に止まっている。,小鳥たちが道に落ちたパンをつついています。,2,2,1
小鳥たちがカラスに追われている。,小鳥たちが道に落ちたパンをつついています。,2,2,1
お皿には数種類のフルーツが盛られています。,お皿にはりんごが一個盛られています。,2,2,1
お皿にはりんごが一個盛られています。,お皿には数種類のフルーツが盛られています。,2,2,0
車の荷台にとらの置物がのせられています。,道路を荷台に大きなトラのぬいぐるみを乗せて走ってます。,1,1,0
道路を走っている自動車とその上を飛行機が飛んでいます。,道路を走る車と、その上空を飛ぶ飛行機です。,0,0,1
一台のバイクに乗った人の写真を数人の人がとっています。,自動車に挟まれるようにして出発を待つオートバイがいます。,1,1,0
男女がテーブルの前に腰かけドーナツを食べています。,ドーナッツをかじっている男性がいます。,0,0,1
男性テニスプレイヤーがいます。,黄緑の服を着た女性テニスプレイヤーがテニスをしています。,2,2,0
噴水の向こう側に、傘を差した人が歩いています。,噴水の向こうに傘を差して歩いている人がいます。,0,0,1
白い皿の上にピザが１枚のっていた。,食卓に大きなピザが置かれています。,1,1,0
列車が走って居ます。,駅には水色のラッピングがされた列車が停まっています。,2,2,0
警察の大型トラックが停まっています。,警察のクレーン車が道路に停まっています。,1,1,2
針葉樹の枝の上で小さい鳥が鳴いています。,針葉樹の枝の上で小さい鳥が目をつむって寝ています。,2,2,1
針葉樹の枝の上で小さい鳥が鳴いています。,針葉樹の枝の上で小さい鳥が静かにあたりを見回しています。,2,2,1
針葉樹の枝の上で小さい鳥が目をつむって寝ています。,針葉樹の枝の上で小さい鳥が鳴いています。,2,2,1
針葉樹の枝の上で小さい鳥が静かにあたりを見回しています。,針葉樹の枝の上で小さい鳥が鳴いています。,2,2,0
白い皿の上に野菜と肉が盛られています。,白い皿には肉と野菜がたくさん盛られています。,1,1,0
蒸気機関車に牽かれた客車が走っています。,線路の上を汽車が走行しています。,0,0,1
野菜の入った容器の前で子供がしかめっ面をしています。,二つの白いさらにはグリーンピースと細切れの野菜があり、その向こうには渋い顔をした子供が座っています。,1,1,0
女子のテニスプレーヤーのプレーをしているシーンです。,ボールを打とうとしている２人のテニスの女子選手がいます。,1,1,0
部屋に本棚が３つとテレビとペンギンのぬいぐるみがあります。,本棚やテレビの置いてある室内です。,0,0,1
牧草地で羊が牧草を、食べているところです。,草が生い茂る原っぱで羊が一匹だけいる。,1,1,0
ピンク色のバスの中に青い服を着た男性が乗り込むところです。,停車中のピンク色のバスに人々が乗り込んでいます。,1,1,0
海辺に小型のボートが置いてあります。,砂浜に一艘のボートが係留されています。,1,1,0
一人の女性が手にチョコレートのかかったお菓子を持っています。,メガネをかけた女性がケーキを持っている。,1,1,0
コートでテニスラケットを振りかぶっています。,男性がラケットとボールを持ち、サーブを打つポーズをとっています。,1,1,0
男性がラケットとボールを持ち、サーブを打つポーズをとっています。,コートでテニスラケットを振りかぶっています。,1,1,0
１人の男性が、３匹の犬と一緒に立っています。,男性が犬を連れて線路を立っています。,1,1,0
男性が犬を連れて線路を立っています。,１人の男性が、３匹の犬と一緒に立っています。,1,1,0
赤い長靴に黒い傘を差した女性が歩いています。,街中の歩道を傘を差した女性が歩いています。,1,1,0
犬が赤い布の上でぬいぐるみを枕にして寝ています。,犬がぬいぐるみとじゃれている。,2,2,1
犬がぬいぐるみとじゃれている。,犬が赤い布の上でぬいぐるみを枕にして寝ています。,2,2,1
大型バイクで出勤するサラリーマンが道路を走行しています。,スーツを着ている男性がバイクに乗っている。,1,1,0
野球選手が、野球の練習をしているところです。,バックネット裏に三人のプレイヤーが立っています。,1,1,0
駅のホームに停まっている電車です。,電車が人がいないかもしれない駅に停車しています。,1,1,2
タイヤのパンクした赤い車の下に白い猫が座っています。,タイヤのパンクした赤い車の下に赤い猫が座っています。,2,2,1
タイヤのパンクした赤い車の下に白い猫が座っています。,タイヤのパンクした赤い車の下に白い犬が座っています。,2,2,1
タイヤのパンクした赤い車の下に赤い猫が座っています。,タイヤのパンクした赤い車の下に白い猫が座っています。,2,2,1
タイヤのパンクした赤い車の下に白い犬が座っています。,タイヤのパンクした赤い車の下に白い猫が座っています。,2,2,1
タイヤのパンクした赤い車の下に白い猫が立っています。,タイヤのパンクした赤い車の下に白い猫が座っています。,2,2,1
林の中で二頭のシマウマが立っています。,雪の積もる土地にシマウマが２頭います。,1,1,0
三頭のシマウマが草地で草を食べています。,牧草地で、草を食べるシマウマがいます。,0,0,1
草が茂る斜面でシマウマが草を食べています。,青草を食べるシマウマが３頭います。,1,1,0
テーブルの上に鞄の形をしたオブジェがあります。,青い台紙の上に白い鞄の置物が置かれています。,1,1,2
森の中で、１頭の牛が立ち、もう１頭の牛が横たわっています。,森の中で、1頭も牛はいなかった。,2,2,1
森の中で、１頭の牛が立ち、もう１頭の牛が横たわっています。,森の中で、2頭の牛が立っていた。,2,2,1
森の中で、1頭も牛はいなかった。,森の中で、１頭の牛が立ち、もう１頭の牛が横たわっています。,2,2,1
森の中で、1頭の馬が立ち、もう一頭の馬はよく寝ていた。,森の中で、１頭の牛が立ち、もう１頭の牛が横たわっています。,2,2,1
森の中で、多くの牛がいたが、横たわっている牛はいなかった。,森の中で、１頭の牛が立ち、もう１頭の牛が横たわっています。,2,2,1
キリンが土のある場所の上に立っています。,平原にたくさんのキリンが佇んでいます。,1,1,0
雪のジャンプ台を飛んでいるスキーヤーがいます。,スキー場のパークにて、スキーヤーがジャンプを決めています。,1,1,0
テーブルに、十字架とローソクが立てられています。,机の上に十字架とろうそくが置かれ、お花が供えられています。,1,1,0
砂利道で立ち止まっている羊たちがいます。,広がる野原の中にある道路脇に羊が2頭います。,1,1,0
アールデコ調の建物が建ち並んでいます。,レンガ造りの階段の上に、ベンチがあります。,1,1,0
ダートの広場で馬の手綱を片手で持ち、もう片方は帽子を持ちながら駆けています。,女性が帽子を持ちながら馬の上に乗って走っている。,1,1,0
芝生の上で女性が凧を持っています。,女性がカイトをもって笑っています。,1,1,0
くちばしがオレンジ色の鳥が２羽、羽を広げています。,くちばしがオレンジ色の２羽の鳥が羽を広げて芝生の上に立っています。,1,1,0
飛行機が上空を飛んでいるところです。,マンションの上を飛行機が飛んでいます。,1,1,0
マンションの上を飛行機が飛んでいます。,飛行機が上空を飛んでいるところです。,0,0,1
芝生の上に寝転んでいます。,芝生の上を凧を持った子供が走っています。,2,2,1
男子女子が三列に並んで真上を見ています。,男子女子が三列に並んでこちらを見ています。,2,2,1
緑の植物の中に、廃車が捨てられています。,茂みに青いトラックが廃棄されています。,1,1,2
古く汚れたトイレの便器があります。,トイレの周りの壁が壊されています。,1,1,0
草原で数頭のシマウマが草を食べています。,草原でシマウマが四頭草を食んでいます。,1,1,0
住宅地の手前で女子学生が並んで立っています。,垣根の前には、緑のジャケットを着た大勢の女子生徒の中に赤いジャケットの女子生徒がいます。,1,1,0
1人の人が雪山でスキーをしています。,白銀のゲレンデを、スキーヤーが体を斜めに倒して滑走しています。,1,1,0
ホームには電気機関車と列車が見えます。,駅にて機関車と列車が連結しています。,1,1,0
建物と道路の間にバイクが６台あります。,レンガの建物の前に６台のバイクが停まっている。,1,1,0
レンガの建物の前に６台のバイクが停まっている。,建物と道路の間にバイクが６台あります。,1,1,0
森の中に美しい湖があり、周りには花も咲いています。,緑深い湖のほとりに赤い消火栓がたっています。,1,1,0
銀色のボディーカラーのカップケーキの移動式屋台があります。,銀色のカップケーキの移動販売車の前に二人の人が立っています。,1,1,0
木の前に設置されている、黄色と青の消火栓があります。,木の後ろに設置されている、黄色と青の消火栓があります。,2,2,1
木の前に設置されている、黄色と青の消火栓があります。,木の前に設置されている、赤の消火栓があります。,2,2,1
木の後ろに設置されている、黄色と青の消火栓があります。,木の前に設置されている、黄色と青の消火栓があります。,2,2,1
木の前に設置されている、赤の消火栓があります。,木の前に設置されている、黄色と青の消火栓があります。,2,2,1
金色の時計が建物の近くに立っています。,金色の時計が建物から離れた場所に立っている。,2,2,1
金色の時計が建物の近くに立っています。,白い時計がぽつんと立っている。,2,2,1
赤い時計が建物の近くにたっている。,金色の時計が建物の近くに立っています。,2,2,1
金色の時計が建物から離れた場所に立っている。,金色の時計が建物の近くに立っています。,2,2,1
白い時計がぽつんと立っている。,金色の時計が建物の近くに立っています。,2,2,1
女性がゲーム機のコントローラーを手に持ってテレビゲームをしています。,立っている女性がゲーム機のコントローラーを持ってテレビゲームをしています。,1,1,0
白いバックを持った男性の集団がいます。,赤い傘を差した女性の集団がいます。,2,2,1
男性がラケットを振りかぶっています。,壁のあるテニスコートで、壁際に足を開いた人物がいて、画像中央に青いシャツのテニスプレイヤーがラケットを振った体勢をしています。,1,1,0
男性5人がテーブルの上に置かれているお菓子を食べようとしています。,数人の男性がテーブルでお菓子を手に取っています。,0,0,1
鐘がある塔に大きな時計が取り付けられています。,金色の文字盤に長針と短針のついた時計があります。,1,1,0
赤い椅子に乗った犬がランプを眺めています。,白の犬が赤いチェアーに乗っています。,1,1,0
牧草地に、放牧中の牛がたくさんいます。,牛が数頭、野原で草を食べたりしています。,1,1,2
女の子の前のテーブルの上にケーキが置かれています。,女の子の後ろのテーブルの下にケーキが置かれています。,2,2,1
女の子の後ろのテーブルの上にケーキが置かれています。,女の子の前のテーブルの上にケーキが置かれています。,2,2,1
女の子の後ろのテーブルの下にケーキが置かれています。,女の子の前のテーブルの上にケーキが置かれています。,2,2,0
黒い壁の部屋には洗面台とヒーターが置いてあります。,白い壁の部屋には洗面台とヒーターが置いてあります。,2,2,1
トイレの便座の上にトカゲが1匹います。,洋式便器の便座の上に小さなトカゲがいます。,1,1,0
緑色の建物の横の歩道脇に信号が設置されています。,建物のそばには信号が設置されてます。,0,0,1
建物のそばには信号が設置されてます。,緑色の建物の横の歩道脇に信号が設置されています。,1,1,0
草を食べるシマウマの手前にダチョウがいます。,ダチョウとシマウマが首を交差させて地面の草を食べています。,1,1,0
道路の上に信号機がワイヤーで吊り下げられています。,縦型の信号機が吊り下げられています。,1,1,0
縦型の信号機が吊り下げられています。,道路の上に信号機がワイヤーで吊り下げられています。,1,1,2
キッチンで二人の料理人が立っています。,廊下で二人の料理人が立っています。,2,2,0
キッチンで二人の料理人が立っています。,キッチンで一人の料理人が立っています。,2,2,1
キッチンの台にシルバーのトースターがあります。,キッチンの台にシルバーの冷蔵庫があります。,2,2,1
キッチンの台にシルバーの冷蔵庫があります。,キッチンの台にシルバーのトースターがあります。,2,2,0
ショーウインドウの中に様々な陶磁器があります。,いろんな陶器がウィンドウディスプレイされています。,0,0,1
広大な草原に４頭のキリンが立っています。,草むらの中に四頭のキリンがたっています。,0,0,1
ユニホームを着た男性がグラウンドでボールを手に持っています。,グラウンドで２人の男性がボールを投げています。,1,1,0
スーツ姿の男性がスキー板をつけて立っている。,スーツ姿の男性がスキー板を履いて雪の上に立っています。,1,1,0
イラストの描かれた航空機が空を飛行しています。,尾翼に女性がデザインされた飛行機が飛んでいます。,1,1,0
尾翼に女性がデザインされた飛行機が飛んでいます。,イラストの描かれた航空機が空を飛行しています。,0,0,1
草の上で男の子が持ったフリスビーを、赤ちゃんがつかんでいます。,男の子と赤ちゃんが緑色の半透明のフリスビーを持って草むらに座っています。,1,1,2
ネコが走り回っている。,洗面台の中にネコが丸くなっています。,2,2,1
ブロッコリーの乗ったピザが焼けています。,ところどころチーズが焦げたピザがあります。,1,1,0
バスの車体にバスケットボールのゴールが設置されています。,2階建てバスにバスケットゴールが設置されていて、子供たちがバスケットボールをしています。,1,1,0
皿の上にピザが１枚盛りつけられている。,ピザがテーブルの上に置かれています。,1,1,0
ピザがテーブルの上に置かれています。,皿の上にピザが１枚盛りつけられている。,1,1,2
部屋に花柄のベッドシーツが置かれている。,部屋に水玉のベッドシーツが置かれている。,2,2,1
花柄のベッドシーツがは捨てた。,部屋に花柄のベッドシーツが置かれている。,2,2,1
キッチンの下の扉を開けて工事をしています。,白い戸棚がたくさんあるキッチンです。,1,1,0
空いた電車のなかには一人だけ乗客が見えます。,電車の中に一人で女性が座っています。,1,1,0
電車の中に一人で女性が座っています。,空いた電車のなかには一人だけ乗客が見えます。,1,1,0
ラケットを持ち白いバンダナを頭に巻いた男性です。,テニスラケットを持った男性は、頭にハチマキを巻いています。,1,1,0
ハチマキをした男の人がラケットを持っています。,テニスラケットを持った男性は、頭にハチマキを巻いています。,1,1,0
パソコンを見てる少女の髪を女性がクシでとかしています。,パソコンを見ている女の子の髪を女性がクシで解いています。,0,0,1
ビーチにて泳いでいる人、カヌーで商品を並べて営業している人がいます。,緑のボートに様々なものが積まれています。,1,1,0
スーツを着た男性が帽子をかぶっています。,紺色のスーツ姿の男性が、茶色のロシア帽を被っています。,1,1,0
紺色のスーツ姿の男性が、茶色のロシア帽を被っています。,スーツを着た男性が帽子をかぶっています。,0,0,1
繁華街の一角をトラックが通っています。,ビルが立ち並ぶ交差点をトラックが横断しています。,1,1,0
橋桁の上をモノレールが通行しています。,２両のモノレールが橋の上のレールを走っています。,1,1,0
海沿いの道を一人の人が、自転車に乗って走っています。,川沿いの道を一人の人が、自転車に乗って走っています。,2,2,0
川沿いの道を一人の人が、自転車に乗って走っています。,海沿いの道を一人の人が、自転車に乗って走っています。,2,2,1
海沿いの道を一人の人が、走っています。,海沿いの道を一人の人が、自転車に乗って走っています。,2,2,0
道路脇の水たまりに鳥が複数羽います。,道路わきの水たまりに、何匹ものハトがいます。,1,1,0
岩肌を歩く一頭の黒い体の大きなクマです。,岩の上を一頭の黒いくまが歩いています。,0,0,1
ネットの向こうに飛行機が三機飛んでいるのが見えます。,ネットの向こうに飛行機がニ機飛んでいるのが見えます。,2,2,1
ネットの向こうに飛行機が三機飛んでいるのが見えます。,ネットの手前で飛行機が三機飛んでいるのが見えます。,2,2,1
ネットの向こうに飛行機がニ機飛んでいるのが見えます。,ネットの向こうに飛行機が三機飛んでいるのが見えます。,2,2,0
ネットの手前で飛行機が三機飛んでいるのが見えます。,ネットの向こうに飛行機が三機飛んでいるのが見えます。,2,2,1
お皿の上に小さく切られたサンドイッチが乗せられています。,色とりどりのサンドウィッチがお皿に乗せられています。,1,1,0
色とりどりのサンドウィッチがお皿に乗せられています。,お皿の上に小さく切られたサンドイッチが乗せられています。,1,1,2
男性が階段の手すりをスケートボードで滑っています。,男性がスケートボードでジャンプしています。,1,1,0
ヘルメットをかぶった子供が野球のバットを持っています。,帽子をかぶった子供がバットを持っている。,2,2,1
ヘルメットをかぶった子供が野球のバットを持っています。,ヘルメットをしている子供がボールをけっている。,2,2,1
帽子をかぶった子供がバットを持っている。,ヘルメットをかぶった子供が野球のバットを持っています。,2,2,1
黒い柵と鉢植えのサボテンの向こうに道路脇に建っている建物が見えます。,どこかの外国の青い空、山々、何かのお店、植えられたサボテンを写した写真になります。,1,1,0
野球場で2人の選手が右手を触れ合っています。,野球の選手が、ハイタッチをしています。,1,1,2
海で水上スキーを履いてロープに掴まっている男性がいます。,海で水上スキーを履いてロープに掴まっている船があります。,2,2,1
海で水上スキーを履いてロープに掴まっている男性がいます。,海で水上スキーを履いてロープに掴まっている男性がいません。,2,2,1
海で水上スキーを履いてロープに掴まっている船があります。,海で水上スキーを履いてロープに掴まっている男性がいます。,2,2,1
海で水上スキーを履いてロープに掴まっている男性がいません。,海で水上スキーを履いてロープに掴まっている男性がいます。,2,2,0
柵に囲まれた動物園に四頭のキリンがいます。,寝そべったキリンが二頭と、立っているキリンが二頭います。,1,1,0
レンガで出来た建物の窓がレンガでふさがれてる。,赤い煉瓦造りの建物が立っています。,1,1,0
シャツ、ジャケット、ネクタイとズボンが並べて置かれています。,シャツ・ネクタイ・ジャケット・ズボンが置かれています。,0,0,1
テーブルの上に果物や軽食が置かれています。,テーブルの上に、フルーツやバゲットが盛られています。,1,1,0
テーブルの上に、フルーツやバゲットが盛られています。,テーブルの上に果物や軽食が置かれています。,0,0,1
住宅の庭の近くに消防用の水栓があります。,道端に赤い消火栓が設置されています。,1,1,0
海で男性がサーフィンをしています。,黒のウェアを着た男性がサーフィンをしています。,1,1,0
黒のウェアを着た男性がサーフィンをしています。,海で男性がサーフィンをしています。,0,0,1
道端の建物の壁には黒いインクで落書きが描かれています。,道路標識の後ろの壁に落書きがされています。,1,1,0
男性と女性が並んで立っています。,白いファーマフラーを巻いた女性の横に男性が立っています。,1,1,0
長い列車が前方から走ってきます。,線路が何本も並行しているうちの1本に列車が走っています。,1,1,0
街角の看板の前に乗り物にのった男性がいます。,看板の前には誰もいない。,2,2,1
看板の前には誰もいない。,街角の看板の前に乗り物にのった男性がいます。,2,2,1
キリンたちが木の下で、首を絡めあっています。,木々の中で、２頭のキリンが首を絡め合っています。,1,1,0
水辺に文字盤が白い時計が設置されています。,水辺に三角形の形をした時計台があります。,1,1,2
クルーザーの浮かぶ湖で、サギが大きく翼を広げ、飛んでいます。,クルーザーの浮かぶ海で、ウミネコが大きく翼を広げ、飛んでいます。,2,2,1
大型タンカーの浮かぶ海で、カモメが大きく翼を広げ、飛んでいます。,クルーザーの浮かぶ湖で、サギが大きく翼を広げ、飛んでいます。,2,2,1
豪華客船の浮かぶ海で、カモメが大きく翼を広げ、飛んでいます。,クルーザーの浮かぶ湖で、サギが大きく翼を広げ、飛んでいます。,2,2,0
首の長いキリンが、首をお尻の方に曲げています。,一頭のキリンが長い首を曲げています。,0,0,1
街を見下ろせる場所に看板が立っています。,町並みを臨む道にピンクの看板が立っています。,1,1,0
男の子はバイクにまたがっています。,大きなバイクに少年が乗っています。,1,1,0
テニスコートで男性がボールを打ち返そうとしています。,男性がテニスボールを打ち返そうとしています。,0,0,1
夜にパラソルを広げて人々が集まっています。,電飾された敷地で傘のしたに人々がいます。,1,1,2
草の茂みの中に灰色の象が隠れています。,草の茂みの中に白色の象が隠れています。,2,2,1
海外の交差点に車が1台もない。,海外の交差点にバスが停車しています。,2,2,1
海外の交差点をバスが通り過ぎた。,海外の交差点にバスが停車しています。,2,2,1
フェンスの近くに黒い牛が放牧されている。,草原に牛の群れが立ち止まっています。,1,1,0
濃い色のスーツを着た男性2人が握手をしている後ろで、3人の男性が握手をしているのを見ています。,スーツを着た男性が握手をしています。,0,0,1
スーツを着た男性が握手をしています。,濃い色のスーツを着た男性2人が握手をしている後ろで、3人の男性が握手をしているのを見ています。,1,1,0
食べ物を前にして手にフォークとナイフを持った人物が正面を向いています。,女性は両手にナイフとフォークを持っています。,1,1,2
建物のそばには駐車禁止の看板が立っています。,建物のそばにパーキングメーターがあります。,2,2,1
建物のそばにパーキングメーターがあります。,建物のそばには駐車禁止の看板が立っています。,2,2,0
車の上に動物の飾りをたくさん付けています。,動物のぬいぐるみで飾られたた車があります。,1,1,0
男性が波を切りながらサーフィンをしています。,サーファーが波の中を滑っています。,0,0,1
青空の中を大きな飛行機が飛んでいきます。,青空の中を気球が飛んでいきます。,2,2,1
青空の中を大きな飛行機が飛んでいきます。,雲の中を大きな飛行機が飛んでいきます。,2,2,1
青空の中を気球が飛んでいきます。,青空の中を大きな飛行機が飛んでいきます。,2,2,1
青空の中を鳥が飛んでいきます。,青空の中を大きな飛行機が飛んでいきます。,2,2,1
道のカーブをバイクが斜めに倒れて走っています。,ロードレースのバイクがカーブを曲がっているところです。,1,1,2
羊が草を食べている。,角が生えた白い牛が横を向いています。,2,2,1
砂浜の上で青いフリスビーを投げている人がいます。,右手を高く上げた人の横に、フリスビーが飛んでいます。,1,1,0
芝生の上に座り、女性が携帯電話で話しています。,芝生の上で、女性が座り携帯で電話をしています。,0,0,1
男性が屋外でカラフルな凧をあげています。,水辺の草原で男性が凧揚げをしています。,1,1,0
水辺の草原で男性が凧揚げをしています。,男性が屋外でカラフルな凧をあげています。,1,1,0
芝生の上に停止の道路標識看板が立っています。,芝生に止まれの交通標識が有ります。,0,0,1
ハーフパイプでスノーボードをすべっている人がいます。,スノーボードのハーフパイプにて、スノーボーダーがジャンプを決めています。,1,1,0
スノーボードのハーフパイプにて、スノーボーダーがジャンプを決めています。,ハーフパイプでスノーボードをすべっている人がいます。,0,0,1
建物が何もない草原にシマウマが６頭います。,雲が立ちこめる広い草原に複数のシマウマがいます。,1,1,0
車の近くを、１頭の馬が歩いています。,乗用車の手前に、手綱の付いた馬がいます。,1,1,0
乗用車の手前に、手綱の付いた馬がいます。,車の近くを、１頭の馬が歩いています。,1,1,0
スノーボーダーたちがベンチに座って休憩しています。,スケートボードを足元に置いている人たちが座っています。,1,1,0
スケートボードを足元に置いている人たちが座っています。,スノーボーダーたちがベンチに座って休憩しています。,1,1,2
テニスラケットを持った男性が1人います。,練習中の男子テニスプレーヤーがいます。,1,1,0
ベットとソファーのある室内にパソコンを見ている二人の人間がいます。,ベッドとソファの上で2人の人がノートパソコンを操作しています。,1,1,0
雪の上にたくさんの人がスキーを持って集まっています。,雪の上でスキー板を手にした人たちがいます。,0,0,1
観葉植物の茂みのそばの花瓶に青の造花が2本活けてあります。,観葉植物の茂みのそばの花瓶に紫の造花が2本活けてあります。,2,2,1
お皿にパンやポテトなどが盛りつけられています。,サンドイッチやフライドポテトののった皿が置かれています。,1,1,0
部屋には暖炉が設置され窓から夜景が見えます。,暖炉の有る室内にソファーと机が置いて有ります。,1,1,2
室内で川が見えるのはキッチンのみである。,室内のリビングは川が見えるように造られています。,2,2,1
物が置かれたテーブルのそばで男性がプレートを両手で持っています。,男性が容器に入ったクリームを持っています。,1,1,0
砂浜でたくさんの人が過ごしています。,小山を見渡す海辺の砂浜にパラソルとたくさんの人がいます。,1,1,0
チェックのテーブルクロスの上にピザと野菜などが置かれています。,チェックのテーブルクロスの上に何もない。,2,2,1
蒸気機関車が駅のホームにとまっています。,駅に機関車が停車しています。,0,0,1
乗馬しているところを、みんなで見ています。,柵の回りに人々が集い、柵の中の馬と人を見ています。,1,1,2
お皿にアイスクリームがありません。,お皿にアイスクリームが乗っています。,2,2,1
タンクローリーが道路で止まっています。,タンクローリーが道路の脇に２台止まっています。,1,1,0
テーブルでパソコンを操作している人たちがいます。,部屋の中の長いテーブルにリンゴマークのノートパソコンが複数並んでいて、仕事をしている人がいます。,1,1,0
青空の下、都市名を表す緑色の標識が立っています。,青い大空をバックにして、緑色の宣伝の看板があがっています。,1,1,0
囲いの中に二頭のシマウマが並んで立っています。,柵の向こうで二頭のシマウマたちがこちらを見ています。,1,1,0
テニスコートに白い服を着た人たちが集まっています。,テニスコート脇のベンチの周りに白い服を着た人たちが集まっています。,1,1,0
軍用の飛行機が６機空を飛んでいます。,空中で飛行機が編隊を組んで飛んでいます。,1,1,2
草原をシマウマの達が走っています。,草原にシマウマたちが止まっています。,2,2,1
道路をシマウマが歩いています。,草原をシマウマの達が走っています。,2,2,1
右手にラケットを握り、テニスをしている女性がいます。,テニスラケットをボールに向けています。,1,1,0
広場にプロペラ飛行機のオブジェが飾られています。,大きなプロペラ機のオブジェがあります。,1,1,0
